instruction,input,output
Strengthen startup pitch slide,Many competitors exist,"Fragmented market with no clear leader, creating room for category dominance."
Rewrite startup slide,Large market opportunity,$12B global SaaS market growing at 18% CAGR with rising SME digitization demand.
Rewrite startup slide,We help businesses grow,AI-powered CRM platform helping SMEs increase conversion rates by 32%.
Strengthen startup pitch slide,Good traction,$40k MRR with 9% monthly growth and 85% customer retention.
Improve pitch deck slide,Great team,"Founding team from Google, McKinsey, and IIT with deep domain expertise."
Strengthen startup pitch slide,Strong margins,Gross margins of 76% with improving payback period below 5 months.
Strengthen startup pitch slide,Subscription model,$29/month SaaS pricing with annual enterprise plans and 78% gross margins.
Rewrite startup slide,Good traction,$40k MRR with 9% monthly growth and 85% customer retention.
Strengthen startup pitch slide,Our product is unique,Patent-pending AI workflow engine reducing manual effort by 60%.
Rewrite weak startup statement,Great team,"Founding team from Google, McKinsey, and IIT with deep domain expertise."
Improve pitch deck slide,Our product is unique,Patent-pending AI workflow engine reducing manual effort by 60%.
Make this slide investor ready,Strong margins,Gross margins of 76% with improving payback period below 5 months.
Make this slide investor ready,Great team,"Founding team from Google, McKinsey, and IIT with deep domain expertise."
Rewrite startup slide,We help businesses grow,AI-powered CRM platform helping SMEs increase conversion rates by 32%.
Make this slide investor ready,Need funding,"Raising $500k to accelerate GTM, hire engineers, and expand pilot customers."
Make this slide investor ready,Subscription model,$29/month SaaS pricing with annual enterprise plans and 78% gross margins.
Improve pitch deck slide,Our product is unique,Patent-pending AI workflow engine reducing manual effort by 60%.
Strengthen startup pitch slide,Many competitors exist,"Fragmented market with no clear leader, creating room for category dominance."
Rewrite weak startup statement,Need funding,"Raising $500k to accelerate GTM, hire engineers, and expand pilot customers."
Rewrite weak startup statement,Need to hire people,Hiring senior engineering and sales leaders to scale product and revenue.
Rewrite weak startup statement,We are growing fast,Revenue grew 4.2x in the last 12 months through organic demand.
Improve pitch deck slide,Subscription model,$29/month SaaS pricing with annual enterprise plans and 78% gross margins.
Rewrite weak startup statement,Strong margins,Gross margins of 76% with improving payback period below 5 months.
Strengthen startup pitch slide,We target everyone,Initial focus on Indian SMEs with 20–200 employees in retail and services.
Rewrite weak startup statement,We help businesses grow,AI-powered CRM platform helping SMEs increase conversion rates by 32%.
Make this slide investor ready,We have users,"10,000 monthly active users with 22% month-over-month growth."
Rewrite weak startup statement,We help businesses grow,AI-powered CRM platform helping SMEs increase conversion rates by 32%.
Improve pitch deck slide,Our product is unique,Patent-pending AI workflow engine reducing manual effort by 60%.
Rewrite startup slide,Need funding,"Raising $500k to accelerate GTM, hire engineers, and expand pilot customers."
Rewrite weak startup statement,Large market opportunity,$12B global SaaS market growing at 18% CAGR with rising SME digitization demand.
Strengthen startup pitch slide,Subscription model,$29/month SaaS pricing with annual enterprise plans and 78% gross margins.
Improve pitch deck slide,Subscription model,$29/month SaaS pricing with annual enterprise plans and 78% gross margins.
Improve pitch deck slide,Need to hire people,Hiring senior engineering and sales leaders to scale product and revenue.
Rewrite weak startup statement,Need to hire people,Hiring senior engineering and sales leaders to scale product and revenue.
Strengthen startup pitch slide,We use AI,Uses proprietary AI models to automate decision workflows in real time.
Rewrite weak startup statement,We are growing fast,Revenue grew 4.2x in the last 12 months through organic demand.
Improve pitch deck slide,We have users,"10,000 monthly active users with 22% month-over-month growth."
Strengthen startup pitch slide,Our product is unique,Patent-pending AI workflow engine reducing manual effort by 60%.
Make this slide investor ready,Our product is unique,Patent-pending AI workflow engine reducing manual effort by 60%.
Rewrite weak startup statement,We use AI,Uses proprietary AI models to automate decision workflows in real time.
Rewrite startup slide,Our product is unique,Patent-pending AI workflow engine reducing manual effort by 60%.
Make this slide investor ready,We help businesses grow,AI-powered CRM platform helping SMEs increase conversion rates by 32%.
Make this slide investor ready,We target everyone,Initial focus on Indian SMEs with 20–200 employees in retail and services.
Improve pitch deck slide,We have users,"10,000 monthly active users with 22% month-over-month growth."
Rewrite weak startup statement,We solve a problem,Eliminates 8+ hours/week of manual reconciliation for finance teams.
Rewrite startup slide,Large market opportunity,$12B global SaaS market growing at 18% CAGR with rising SME digitization demand.
Make this slide investor ready,Great team,"Founding team from Google, McKinsey, and IIT with deep domain expertise."
Make this slide investor ready,We solve a problem,Eliminates 8+ hours/week of manual reconciliation for finance teams.
Strengthen startup pitch slide,Great team,"Founding team from Google, McKinsey, and IIT with deep domain expertise."
Rewrite startup slide,Large market opportunity,$12B global SaaS market growing at 18% CAGR with rising SME digitization demand.
Improve pitch deck slide,Subscription model,$29/month SaaS pricing with annual enterprise plans and 78% gross margins.
Rewrite weak startup statement,We use AI,Uses proprietary AI models to automate decision workflows in real time.
Rewrite weak startup statement,We are growing fast,Revenue grew 4.2x in the last 12 months through organic demand.
Make this slide investor ready,Strong margins,Gross margins of 76% with improving payback period below 5 months.
Rewrite startup slide,Many competitors exist,"Fragmented market with no clear leader, creating room for category dominance."
Rewrite startup slide,Subscription model,$29/month SaaS pricing with annual enterprise plans and 78% gross margins.
Strengthen startup pitch slide,We solve a problem,Eliminates 8+ hours/week of manual reconciliation for finance teams.
Rewrite weak startup statement,We have users,"10,000 monthly active users with 22% month-over-month growth."
Rewrite weak startup statement,We target everyone,Initial focus on Indian SMEs with 20–200 employees in retail and services.
Make this slide investor ready,We help businesses grow,AI-powered CRM platform helping SMEs increase conversion rates by 32%.
Make this slide investor ready,We target everyone,Initial focus on Indian SMEs with 20–200 employees in retail and services.
Strengthen startup pitch slide,Strong margins,Gross margins of 76% with improving payback period below 5 months.
Strengthen startup pitch slide,Great team,"Founding team from Google, McKinsey, and IIT with deep domain expertise."
Strengthen startup pitch slide,Good traction,$40k MRR with 9% monthly growth and 85% customer retention.
Improve pitch deck slide,We help businesses grow,AI-powered CRM platform helping SMEs increase conversion rates by 32%.
Make this slide investor ready,We help businesses grow,AI-powered CRM platform helping SMEs increase conversion rates by 32%.
Rewrite weak startup statement,Many competitors exist,"Fragmented market with no clear leader, creating room for category dominance."
Rewrite weak startup statement,We target everyone,Initial focus on Indian SMEs with 20–200 employees in retail and services.
Improve pitch deck slide,Strong margins,Gross margins of 76% with improving payback period below 5 months.
Strengthen startup pitch slide,We have users,"10,000 monthly active users with 22% month-over-month growth."
Make this slide investor ready,We target everyone,Initial focus on Indian SMEs with 20–200 employees in retail and services.
Rewrite startup slide,We target everyone,Initial focus on Indian SMEs with 20–200 employees in retail and services.
Rewrite startup slide,Large market opportunity,$12B global SaaS market growing at 18% CAGR with rising SME digitization demand.
Rewrite weak startup statement,Need funding,"Raising $500k to accelerate GTM, hire engineers, and expand pilot customers."
Make this slide investor ready,Strong margins,Gross margins of 76% with improving payback period below 5 months.
Make this slide investor ready,We target everyone,Initial focus on Indian SMEs with 20–200 employees in retail and services.
Strengthen startup pitch slide,Need funding,"Raising $500k to accelerate GTM, hire engineers, and expand pilot customers."
Strengthen startup pitch slide,We use AI,Uses proprietary AI models to automate decision workflows in real time.
Rewrite weak startup statement,Need funding,"Raising $500k to accelerate GTM, hire engineers, and expand pilot customers."
Strengthen startup pitch slide,We use AI,Uses proprietary AI models to automate decision workflows in real time.
Improve pitch deck slide,Many competitors exist,"Fragmented market with no clear leader, creating room for category dominance."
Strengthen startup pitch slide,Subscription model,$29/month SaaS pricing with annual enterprise plans and 78% gross margins.
Rewrite weak startup statement,We are growing fast,Revenue grew 4.2x in the last 12 months through organic demand.
Rewrite weak startup statement,We solve a problem,Eliminates 8+ hours/week of manual reconciliation for finance teams.
Strengthen startup pitch slide,We target everyone,Initial focus on Indian SMEs with 20–200 employees in retail and services.
Make this slide investor ready,We target everyone,Initial focus on Indian SMEs with 20–200 employees in retail and services.
Strengthen startup pitch slide,We are growing fast,Revenue grew 4.2x in the last 12 months through organic demand.
Make this slide investor ready,Great team,"Founding team from Google, McKinsey, and IIT with deep domain expertise."
Rewrite startup slide,Need to hire people,Hiring senior engineering and sales leaders to scale product and revenue.
Rewrite weak startup statement,Many competitors exist,"Fragmented market with no clear leader, creating room for category dominance."
Rewrite startup slide,Good traction,$40k MRR with 9% monthly growth and 85% customer retention.
Strengthen startup pitch slide,Subscription model,$29/month SaaS pricing with annual enterprise plans and 78% gross margins.
Rewrite startup slide,Great team,"Founding team from Google, McKinsey, and IIT with deep domain expertise."
Make this slide investor ready,We solve a problem,Eliminates 8+ hours/week of manual reconciliation for finance teams.
Strengthen startup pitch slide,Great team,"Founding team from Google, McKinsey, and IIT with deep domain expertise."
Improve pitch deck slide,We solve a problem,Eliminates 8+ hours/week of manual reconciliation for finance teams.
Rewrite startup slide,We are growing fast,Revenue grew 4.2x in the last 12 months through organic demand.
Make this slide investor ready,We solve a problem,Eliminates 8+ hours/week of manual reconciliation for finance teams.
Strengthen startup pitch slide,Need funding,"Raising $500k to accelerate GTM, hire engineers, and expand pilot customers."
Strengthen startup pitch slide,Good traction,$40k MRR with 9% monthly growth and 85% customer retention.
Make this slide investor ready,Strong margins,Gross margins of 76% with improving payback period below 5 months.
Improve pitch deck slide,Need funding,"Raising $500k to accelerate GTM, hire engineers, and expand pilot customers."
Strengthen startup pitch slide,Large market opportunity,$12B global SaaS market growing at 18% CAGR with rising SME digitization demand.
Rewrite startup slide,We are growing fast,Revenue grew 4.2x in the last 12 months through organic demand.
Rewrite startup slide,We have users,"10,000 monthly active users with 22% month-over-month growth."
Rewrite weak startup statement,Our product is unique,Patent-pending AI workflow engine reducing manual effort by 60%.
Improve pitch deck slide,Subscription model,$29/month SaaS pricing with annual enterprise plans and 78% gross margins.
Improve pitch deck slide,Subscription model,$29/month SaaS pricing with annual enterprise plans and 78% gross margins.
Strengthen startup pitch slide,Subscription model,$29/month SaaS pricing with annual enterprise plans and 78% gross margins.
Strengthen startup pitch slide,Strong margins,Gross margins of 76% with improving payback period below 5 months.
Make this slide investor ready,We use AI,Uses proprietary AI models to automate decision workflows in real time.
Rewrite startup slide,Need to hire people,Hiring senior engineering and sales leaders to scale product and revenue.
Improve pitch deck slide,We are growing fast,Revenue grew 4.2x in the last 12 months through organic demand.
Improve pitch deck slide,We target everyone,Initial focus on Indian SMEs with 20–200 employees in retail and services.
Rewrite weak startup statement,We target everyone,Initial focus on Indian SMEs with 20–200 employees in retail and services.
Make this slide investor ready,Good traction,$40k MRR with 9% monthly growth and 85% customer retention.
Make this slide investor ready,We target everyone,Initial focus on Indian SMEs with 20–200 employees in retail and services.
Improve pitch deck slide,Many competitors exist,"Fragmented market with no clear leader, creating room for category dominance."
Strengthen startup pitch slide,Our product is unique,Patent-pending AI workflow engine reducing manual effort by 60%.
Strengthen startup pitch slide,Many competitors exist,"Fragmented market with no clear leader, creating room for category dominance."
Rewrite weak startup statement,Many competitors exist,"Fragmented market with no clear leader, creating room for category dominance."
Make this slide investor ready,We solve a problem,Eliminates 8+ hours/week of manual reconciliation for finance teams.
Improve pitch deck slide,We have users,"10,000 monthly active users with 22% month-over-month growth."
Strengthen startup pitch slide,Great team,"Founding team from Google, McKinsey, and IIT with deep domain expertise."
Improve pitch deck slide,Great team,"Founding team from Google, McKinsey, and IIT with deep domain expertise."
Rewrite weak startup statement,Great team,"Founding team from Google, McKinsey, and IIT with deep domain expertise."
Improve pitch deck slide,We are growing fast,Revenue grew 4.2x in the last 12 months through organic demand.
Make this slide investor ready,We are growing fast,Revenue grew 4.2x in the last 12 months through organic demand.
Make this slide investor ready,Many competitors exist,"Fragmented market with no clear leader, creating room for category dominance."
Strengthen startup pitch slide,Many competitors exist,"Fragmented market with no clear leader, creating room for category dominance."
Rewrite weak startup statement,We use AI,Uses proprietary AI models to automate decision workflows in real time.
Rewrite startup slide,Great team,"Founding team from Google, McKinsey, and IIT with deep domain expertise."
Strengthen startup pitch slide,We solve a problem,Eliminates 8+ hours/week of manual reconciliation for finance teams.
Make this slide investor ready,Subscription model,$29/month SaaS pricing with annual enterprise plans and 78% gross margins.
Rewrite weak startup statement,Need to hire people,Hiring senior engineering and sales leaders to scale product and revenue.
Improve pitch deck slide,Strong margins,Gross margins of 76% with improving payback period below 5 months.
Rewrite startup slide,Great team,"Founding team from Google, McKinsey, and IIT with deep domain expertise."
Rewrite startup slide,Great team,"Founding team from Google, McKinsey, and IIT with deep domain expertise."
Make this slide investor ready,Many competitors exist,"Fragmented market with no clear leader, creating room for category dominance."
Rewrite weak startup statement,Good traction,$40k MRR with 9% monthly growth and 85% customer retention.
Make this slide investor ready,We are growing fast,Revenue grew 4.2x in the last 12 months through organic demand.
Improve pitch deck slide,We have users,"10,000 monthly active users with 22% month-over-month growth."
Strengthen startup pitch slide,Need to hire people,Hiring senior engineering and sales leaders to scale product and revenue.
Strengthen startup pitch slide,Great team,"Founding team from Google, McKinsey, and IIT with deep domain expertise."
Rewrite weak startup statement,We are growing fast,Revenue grew 4.2x in the last 12 months through organic demand.
Rewrite startup slide,Need funding,"Raising $500k to accelerate GTM, hire engineers, and expand pilot customers."
Strengthen startup pitch slide,We solve a problem,Eliminates 8+ hours/week of manual reconciliation for finance teams.
Improve pitch deck slide,We have users,"10,000 monthly active users with 22% month-over-month growth."
Strengthen startup pitch slide,Large market opportunity,$12B global SaaS market growing at 18% CAGR with rising SME digitization demand.
Improve pitch deck slide,We have users,"10,000 monthly active users with 22% month-over-month growth."
Rewrite startup slide,Large market opportunity,$12B global SaaS market growing at 18% CAGR with rising SME digitization demand.
Rewrite weak startup statement,Subscription model,$29/month SaaS pricing with annual enterprise plans and 78% gross margins.
Make this slide investor ready,We are growing fast,Revenue grew 4.2x in the last 12 months through organic demand.
Improve pitch deck slide,We help businesses grow,AI-powered CRM platform helping SMEs increase conversion rates by 32%.
Strengthen startup pitch slide,Large market opportunity,$12B global SaaS market growing at 18% CAGR with rising SME digitization demand.
Improve pitch deck slide,We use AI,Uses proprietary AI models to automate decision workflows in real time.
Make this slide investor ready,Subscription model,$29/month SaaS pricing with annual enterprise plans and 78% gross margins.
Improve pitch deck slide,Our product is unique,Patent-pending AI workflow engine reducing manual effort by 60%.
Rewrite weak startup statement,Strong margins,Gross margins of 76% with improving payback period below 5 months.
Rewrite weak startup statement,Many competitors exist,"Fragmented market with no clear leader, creating room for category dominance."
Rewrite startup slide,Good traction,$40k MRR with 9% monthly growth and 85% customer retention.
Rewrite startup slide,We use AI,Uses proprietary AI models to automate decision workflows in real time.
Strengthen startup pitch slide,Good traction,$40k MRR with 9% monthly growth and 85% customer retention.
Strengthen startup pitch slide,We have users,"10,000 monthly active users with 22% month-over-month growth."
Rewrite startup slide,We are growing fast,Revenue grew 4.2x in the last 12 months through organic demand.
Improve pitch deck slide,We use AI,Uses proprietary AI models to automate decision workflows in real time.
Improve pitch deck slide,Subscription model,$29/month SaaS pricing with annual enterprise plans and 78% gross margins.
Rewrite startup slide,We use AI,Uses proprietary AI models to automate decision workflows in real time.
Make this slide investor ready,Need to hire people,Hiring senior engineering and sales leaders to scale product and revenue.
Make this slide investor ready,Strong margins,Gross margins of 76% with improving payback period below 5 months.
Rewrite weak startup statement,Need funding,"Raising $500k to accelerate GTM, hire engineers, and expand pilot customers."
Rewrite startup slide,We use AI,Uses proprietary AI models to automate decision workflows in real time.
Rewrite weak startup statement,Large market opportunity,$12B global SaaS market growing at 18% CAGR with rising SME digitization demand.
Strengthen startup pitch slide,We solve a problem,Eliminates 8+ hours/week of manual reconciliation for finance teams.
Rewrite weak startup statement,We help businesses grow,AI-powered CRM platform helping SMEs increase conversion rates by 32%.
Make this slide investor ready,Great team,"Founding team from Google, McKinsey, and IIT with deep domain expertise."
Strengthen startup pitch slide,Good traction,$40k MRR with 9% monthly growth and 85% customer retention.
Make this slide investor ready,We target everyone,Initial focus on Indian SMEs with 20–200 employees in retail and services.
Improve pitch deck slide,We use AI,Uses proprietary AI models to automate decision workflows in real time.
Strengthen startup pitch slide,Need to hire people,Hiring senior engineering and sales leaders to scale product and revenue.
Rewrite weak startup statement,Our product is unique,Patent-pending AI workflow engine reducing manual effort by 60%.
Rewrite startup slide,We have users,"10,000 monthly active users with 22% month-over-month growth."
Improve pitch deck slide,Many competitors exist,"Fragmented market with no clear leader, creating room for category dominance."
Make this slide investor ready,We are growing fast,Revenue grew 4.2x in the last 12 months through organic demand.
Rewrite weak startup statement,Good traction,$40k MRR with 9% monthly growth and 85% customer retention.
Improve pitch deck slide,We are growing fast,Revenue grew 4.2x in the last 12 months through organic demand.
Rewrite weak startup statement,Large market opportunity,$12B global SaaS market growing at 18% CAGR with rising SME digitization demand.
Rewrite weak startup statement,Strong margins,Gross margins of 76% with improving payback period below 5 months.
Improve pitch deck slide,We solve a problem,Eliminates 8+ hours/week of manual reconciliation for finance teams.
Strengthen startup pitch slide,Need funding,"Raising $500k to accelerate GTM, hire engineers, and expand pilot customers."
Make this slide investor ready,Need to hire people,Hiring senior engineering and sales leaders to scale product and revenue.
Make this slide investor ready,Need to hire people,Hiring senior engineering and sales leaders to scale product and revenue.
Rewrite weak startup statement,We target everyone,Initial focus on Indian SMEs with 20–200 employees in retail and services.
Make this slide investor ready,We help businesses grow,AI-powered CRM platform helping SMEs increase conversion rates by 32%.
Rewrite startup slide,Good traction,$40k MRR with 9% monthly growth and 85% customer retention.
Improve pitch deck slide,Need funding,"Raising $500k to accelerate GTM, hire engineers, and expand pilot customers."
Rewrite weak startup statement,Our product is unique,Patent-pending AI workflow engine reducing manual effort by 60%.
Improve pitch deck slide,We use AI,Uses proprietary AI models to automate decision workflows in real time.
Rewrite weak startup statement,Large market opportunity,$12B global SaaS market growing at 18% CAGR with rising SME digitization demand.
Improve pitch deck slide,Subscription model,$29/month SaaS pricing with annual enterprise plans and 78% gross margins.
Rewrite weak startup statement,Our product is unique,Patent-pending AI workflow engine reducing manual effort by 60%.
Rewrite weak startup statement,Many competitors exist,"Fragmented market with no clear leader, creating room for category dominance."
Strengthen startup pitch slide,We solve a problem,Eliminates 8+ hours/week of manual reconciliation for finance teams.
Rewrite weak startup statement,Large market opportunity,$12B global SaaS market growing at 18% CAGR with rising SME digitization demand.
Rewrite weak startup statement,Good traction,$40k MRR with 9% monthly growth and 85% customer retention.
Improve pitch deck slide,We are growing fast,Revenue grew 4.2x in the last 12 months through organic demand.
Rewrite startup slide,Large market opportunity,$12B global SaaS market growing at 18% CAGR with rising SME digitization demand.
Rewrite weak startup statement,Our product is unique,Patent-pending AI workflow engine reducing manual effort by 60%.
Make this slide investor ready,Need funding,"Raising $500k to accelerate GTM, hire engineers, and expand pilot customers."
Strengthen startup pitch slide,Good traction,$40k MRR with 9% monthly growth and 85% customer retention.
Rewrite weak startup statement,We use AI,Uses proprietary AI models to automate decision workflows in real time.
Rewrite startup slide,We are growing fast,Revenue grew 4.2x in the last 12 months through organic demand.
Rewrite weak startup statement,Good traction,$40k MRR with 9% monthly growth and 85% customer retention.
Strengthen startup pitch slide,Many competitors exist,"Fragmented market with no clear leader, creating room for category dominance."
Improve pitch deck slide,We have users,"10,000 monthly active users with 22% month-over-month growth."
Make this slide investor ready,Need funding,"Raising $500k to accelerate GTM, hire engineers, and expand pilot customers."
Make this slide investor ready,Need funding,"Raising $500k to accelerate GTM, hire engineers, and expand pilot customers."
Strengthen startup pitch slide,We are growing fast,Revenue grew 4.2x in the last 12 months through organic demand.
Make this slide investor ready,Many competitors exist,"Fragmented market with no clear leader, creating room for category dominance."
Strengthen startup pitch slide,We are growing fast,Revenue grew 4.2x in the last 12 months through organic demand.
Make this slide investor ready,We use AI,Uses proprietary AI models to automate decision workflows in real time.
Strengthen startup pitch slide,Strong margins,Gross margins of 76% with improving payback period below 5 months.
Improve pitch deck slide,Strong margins,Gross margins of 76% with improving payback period below 5 months.
Improve pitch deck slide,Strong margins,Gross margins of 76% with improving payback period below 5 months.
Strengthen startup pitch slide,Good traction,$40k MRR with 9% monthly growth and 85% customer retention.
Rewrite startup slide,Need to hire people,Hiring senior engineering and sales leaders to scale product and revenue.
Make this slide investor ready,We target everyone,Initial focus on Indian SMEs with 20–200 employees in retail and services.
Rewrite weak startup statement,We target everyone,Initial focus on Indian SMEs with 20–200 employees in retail and services.
Strengthen startup pitch slide,We help businesses grow,AI-powered CRM platform helping SMEs increase conversion rates by 32%.
Rewrite startup slide,We help businesses grow,AI-powered CRM platform helping SMEs increase conversion rates by 32%.
Strengthen startup pitch slide,Need to hire people,Hiring senior engineering and sales leaders to scale product and revenue.
Strengthen startup pitch slide,We use AI,Uses proprietary AI models to automate decision workflows in real time.
Strengthen startup pitch slide,We have users,"10,000 monthly active users with 22% month-over-month growth."
Improve pitch deck slide,We target everyone,Initial focus on Indian SMEs with 20–200 employees in retail and services.
Rewrite weak startup statement,Need funding,"Raising $500k to accelerate GTM, hire engineers, and expand pilot customers."
Strengthen startup pitch slide,Need to hire people,Hiring senior engineering and sales leaders to scale product and revenue.
Rewrite startup slide,Our product is unique,Patent-pending AI workflow engine reducing manual effort by 60%.
Improve pitch deck slide,Good traction,$40k MRR with 9% monthly growth and 85% customer retention.
Strengthen startup pitch slide,We are growing fast,Revenue grew 4.2x in the last 12 months through organic demand.
Rewrite startup slide,Our product is unique,Patent-pending AI workflow engine reducing manual effort by 60%.
Strengthen startup pitch slide,We use AI,Uses proprietary AI models to automate decision workflows in real time.
Rewrite startup slide,Our product is unique,Patent-pending AI workflow engine reducing manual effort by 60%.
Improve pitch deck slide,Our product is unique,Patent-pending AI workflow engine reducing manual effort by 60%.
Make this slide investor ready,We target everyone,Initial focus on Indian SMEs with 20–200 employees in retail and services.
Strengthen startup pitch slide,Our product is unique,Patent-pending AI workflow engine reducing manual effort by 60%.
Strengthen startup pitch slide,Large market opportunity,$12B global SaaS market growing at 18% CAGR with rising SME digitization demand.
Rewrite weak startup statement,Our product is unique,Patent-pending AI workflow engine reducing manual effort by 60%.
Rewrite startup slide,We are growing fast,Revenue grew 4.2x in the last 12 months through organic demand.
Rewrite weak startup statement,Subscription model,$29/month SaaS pricing with annual enterprise plans and 78% gross margins.
Rewrite startup slide,Need to hire people,Hiring senior engineering and sales leaders to scale product and revenue.
Improve pitch deck slide,We are growing fast,Revenue grew 4.2x in the last 12 months through organic demand.
Rewrite startup slide,We solve a problem,Eliminates 8+ hours/week of manual reconciliation for finance teams.
Make this slide investor ready,Large market opportunity,$12B global SaaS market growing at 18% CAGR with rising SME digitization demand.
Rewrite startup slide,Many competitors exist,"Fragmented market with no clear leader, creating room for category dominance."
Rewrite startup slide,We target everyone,Initial focus on Indian SMEs with 20–200 employees in retail and services.
Rewrite startup slide,We use AI,Uses proprietary AI models to automate decision workflows in real time.
Make this slide investor ready,We use AI,Uses proprietary AI models to automate decision workflows in real time.
Rewrite weak startup statement,Large market opportunity,$12B global SaaS market growing at 18% CAGR with rising SME digitization demand.
Improve pitch deck slide,Subscription model,$29/month SaaS pricing with annual enterprise plans and 78% gross margins.
Improve pitch deck slide,Strong margins,Gross margins of 76% with improving payback period below 5 months.
Make this slide investor ready,Strong margins,Gross margins of 76% with improving payback period below 5 months.
Make this slide investor ready,Many competitors exist,"Fragmented market with no clear leader, creating room for category dominance."
Make this slide investor ready,Our product is unique,Patent-pending AI workflow engine reducing manual effort by 60%.
Rewrite startup slide,Subscription model,$29/month SaaS pricing with annual enterprise plans and 78% gross margins.
Strengthen startup pitch slide,Good traction,$40k MRR with 9% monthly growth and 85% customer retention.
Rewrite weak startup statement,Need funding,"Raising $500k to accelerate GTM, hire engineers, and expand pilot customers."
Improve pitch deck slide,We help businesses grow,AI-powered CRM platform helping SMEs increase conversion rates by 32%.
Make this slide investor ready,We target everyone,Initial focus on Indian SMEs with 20–200 employees in retail and services.
Improve pitch deck slide,We target everyone,Initial focus on Indian SMEs with 20–200 employees in retail and services.
Improve pitch deck slide,We are growing fast,Revenue grew 4.2x in the last 12 months through organic demand.
Rewrite startup slide,Need to hire people,Hiring senior engineering and sales leaders to scale product and revenue.
Rewrite startup slide,Strong margins,Gross margins of 76% with improving payback period below 5 months.
Make this slide investor ready,Great team,"Founding team from Google, McKinsey, and IIT with deep domain expertise."
Strengthen startup pitch slide,Good traction,$40k MRR with 9% monthly growth and 85% customer retention.
Strengthen startup pitch slide,Subscription model,$29/month SaaS pricing with annual enterprise plans and 78% gross margins.
Improve pitch deck slide,Subscription model,$29/month SaaS pricing with annual enterprise plans and 78% gross margins.
Make this slide investor ready,We have users,"10,000 monthly active users with 22% month-over-month growth."
Improve pitch deck slide,Many competitors exist,"Fragmented market with no clear leader, creating room for category dominance."
Improve pitch deck slide,Great team,"Founding team from Google, McKinsey, and IIT with deep domain expertise."
Rewrite startup slide,We use AI,Uses proprietary AI models to automate decision workflows in real time.
Make this slide investor ready,Large market opportunity,$12B global SaaS market growing at 18% CAGR with rising SME digitization demand.
Rewrite startup slide,We solve a problem,Eliminates 8+ hours/week of manual reconciliation for finance teams.
Improve pitch deck slide,We have users,"10,000 monthly active users with 22% month-over-month growth."
Rewrite startup slide,We help businesses grow,AI-powered CRM platform helping SMEs increase conversion rates by 32%.
Rewrite startup slide,We solve a problem,Eliminates 8+ hours/week of manual reconciliation for finance teams.
Strengthen startup pitch slide,Our product is unique,Patent-pending AI workflow engine reducing manual effort by 60%.
Rewrite startup slide,Good traction,$40k MRR with 9% monthly growth and 85% customer retention.
Rewrite startup slide,We have users,"10,000 monthly active users with 22% month-over-month growth."
Make this slide investor ready,Subscription model,$29/month SaaS pricing with annual enterprise plans and 78% gross margins.
Strengthen startup pitch slide,We have users,"10,000 monthly active users with 22% month-over-month growth."
Rewrite startup slide,We have users,"10,000 monthly active users with 22% month-over-month growth."
Strengthen startup pitch slide,Need funding,"Raising $500k to accelerate GTM, hire engineers, and expand pilot customers."
Improve pitch deck slide,Great team,"Founding team from Google, McKinsey, and IIT with deep domain expertise."
Strengthen startup pitch slide,Need to hire people,Hiring senior engineering and sales leaders to scale product and revenue.
Strengthen startup pitch slide,Many competitors exist,"Fragmented market with no clear leader, creating room for category dominance."
Rewrite weak startup statement,We solve a problem,Eliminates 8+ hours/week of manual reconciliation for finance teams.
Rewrite weak startup statement,We have users,"10,000 monthly active users with 22% month-over-month growth."
Improve pitch deck slide,We use AI,Uses proprietary AI models to automate decision workflows in real time.
Strengthen startup pitch slide,Good traction,$40k MRR with 9% monthly growth and 85% customer retention.
Make this slide investor ready,We have users,"10,000 monthly active users with 22% month-over-month growth."
Rewrite weak startup statement,Great team,"Founding team from Google, McKinsey, and IIT with deep domain expertise."
Strengthen startup pitch slide,Large market opportunity,$12B global SaaS market growing at 18% CAGR with rising SME digitization demand.
Improve pitch deck slide,We solve a problem,Eliminates 8+ hours/week of manual reconciliation for finance teams.
Make this slide investor ready,Good traction,$40k MRR with 9% monthly growth and 85% customer retention.
Make this slide investor ready,We target everyone,Initial focus on Indian SMEs with 20–200 employees in retail and services.
Rewrite weak startup statement,Large market opportunity,$12B global SaaS market growing at 18% CAGR with rising SME digitization demand.
Make this slide investor ready,Good traction,$40k MRR with 9% monthly growth and 85% customer retention.
Strengthen startup pitch slide,Strong margins,Gross margins of 76% with improving payback period below 5 months.
Make this slide investor ready,Many competitors exist,"Fragmented market with no clear leader, creating room for category dominance."
Improve pitch deck slide,Subscription model,$29/month SaaS pricing with annual enterprise plans and 78% gross margins.
Make this slide investor ready,Great team,"Founding team from Google, McKinsey, and IIT with deep domain expertise."
Strengthen startup pitch slide,Need funding,"Raising $500k to accelerate GTM, hire engineers, and expand pilot customers."
Improve pitch deck slide,Our product is unique,Patent-pending AI workflow engine reducing manual effort by 60%.
Improve pitch deck slide,Need to hire people,Hiring senior engineering and sales leaders to scale product and revenue.
Improve pitch deck slide,Great team,"Founding team from Google, McKinsey, and IIT with deep domain expertise."
Make this slide investor ready,Strong margins,Gross margins of 76% with improving payback period below 5 months.
Rewrite startup slide,We use AI,Uses proprietary AI models to automate decision workflows in real time.
Make this slide investor ready,We target everyone,Initial focus on Indian SMEs with 20–200 employees in retail and services.
Strengthen startup pitch slide,Subscription model,$29/month SaaS pricing with annual enterprise plans and 78% gross margins.
Improve pitch deck slide,We target everyone,Initial focus on Indian SMEs with 20–200 employees in retail and services.
Improve pitch deck slide,Subscription model,$29/month SaaS pricing with annual enterprise plans and 78% gross margins.
Improve pitch deck slide,Great team,"Founding team from Google, McKinsey, and IIT with deep domain expertise."
Rewrite startup slide,Many competitors exist,"Fragmented market with no clear leader, creating room for category dominance."
Make this slide investor ready,We use AI,Uses proprietary AI models to automate decision workflows in real time.
Rewrite weak startup statement,Need to hire people,Hiring senior engineering and sales leaders to scale product and revenue.
Strengthen startup pitch slide,We help businesses grow,AI-powered CRM platform helping SMEs increase conversion rates by 32%.
Improve pitch deck slide,We are growing fast,Revenue grew 4.2x in the last 12 months through organic demand.
Rewrite weak startup statement,Large market opportunity,$12B global SaaS market growing at 18% CAGR with rising SME digitization demand.
Strengthen startup pitch slide,Subscription model,$29/month SaaS pricing with annual enterprise plans and 78% gross margins.
Rewrite startup slide,We solve a problem,Eliminates 8+ hours/week of manual reconciliation for finance teams.
Rewrite startup slide,Need to hire people,Hiring senior engineering and sales leaders to scale product and revenue.
Strengthen startup pitch slide,We have users,"10,000 monthly active users with 22% month-over-month growth."
Strengthen startup pitch slide,We are growing fast,Revenue grew 4.2x in the last 12 months through organic demand.
Make this slide investor ready,We have users,"10,000 monthly active users with 22% month-over-month growth."
Rewrite weak startup statement,We have users,"10,000 monthly active users with 22% month-over-month growth."
Rewrite startup slide,Great team,"Founding team from Google, McKinsey, and IIT with deep domain expertise."
Improve pitch deck slide,We have users,"10,000 monthly active users with 22% month-over-month growth."
Rewrite startup slide,We are growing fast,Revenue grew 4.2x in the last 12 months through organic demand.
Make this slide investor ready,We are growing fast,Revenue grew 4.2x in the last 12 months through organic demand.
Improve pitch deck slide,We use AI,Uses proprietary AI models to automate decision workflows in real time.
Strengthen startup pitch slide,We are growing fast,Revenue grew 4.2x in the last 12 months through organic demand.
Improve pitch deck slide,We are growing fast,Revenue grew 4.2x in the last 12 months through organic demand.
Improve pitch deck slide,Subscription model,$29/month SaaS pricing with annual enterprise plans and 78% gross margins.
Rewrite weak startup statement,We target everyone,Initial focus on Indian SMEs with 20–200 employees in retail and services.
Rewrite weak startup statement,Strong margins,Gross margins of 76% with improving payback period below 5 months.
Make this slide investor ready,Subscription model,$29/month SaaS pricing with annual enterprise plans and 78% gross margins.
Rewrite weak startup statement,We target everyone,Initial focus on Indian SMEs with 20–200 employees in retail and services.
Rewrite weak startup statement,Great team,"Founding team from Google, McKinsey, and IIT with deep domain expertise."
Strengthen startup pitch slide,Many competitors exist,"Fragmented market with no clear leader, creating room for category dominance."
Make this slide investor ready,We use AI,Uses proprietary AI models to automate decision workflows in real time.
Rewrite startup slide,Our product is unique,Patent-pending AI workflow engine reducing manual effort by 60%.
Make this slide investor ready,Strong margins,Gross margins of 76% with improving payback period below 5 months.
Rewrite weak startup statement,Strong margins,Gross margins of 76% with improving payback period below 5 months.
Improve pitch deck slide,We use AI,Uses proprietary AI models to automate decision workflows in real time.
Rewrite weak startup statement,Many competitors exist,"Fragmented market with no clear leader, creating room for category dominance."
Rewrite startup slide,Subscription model,$29/month SaaS pricing with annual enterprise plans and 78% gross margins.
Improve pitch deck slide,We solve a problem,Eliminates 8+ hours/week of manual reconciliation for finance teams.
Improve pitch deck slide,We are growing fast,Revenue grew 4.2x in the last 12 months through organic demand.
Rewrite weak startup statement,Large market opportunity,$12B global SaaS market growing at 18% CAGR with rising SME digitization demand.
Strengthen startup pitch slide,We target everyone,Initial focus on Indian SMEs with 20–200 employees in retail and services.
Make this slide investor ready,We solve a problem,Eliminates 8+ hours/week of manual reconciliation for finance teams.
Improve pitch deck slide,Great team,"Founding team from Google, McKinsey, and IIT with deep domain expertise."
Rewrite weak startup statement,We have users,"10,000 monthly active users with 22% month-over-month growth."
Make this slide investor ready,We have users,"10,000 monthly active users with 22% month-over-month growth."
Improve pitch deck slide,We solve a problem,Eliminates 8+ hours/week of manual reconciliation for finance teams.
Strengthen startup pitch slide,Our product is unique,Patent-pending AI workflow engine reducing manual effort by 60%.
Rewrite weak startup statement,Good traction,$40k MRR with 9% monthly growth and 85% customer retention.
Make this slide investor ready,Great team,"Founding team from Google, McKinsey, and IIT with deep domain expertise."
Make this slide investor ready,We are growing fast,Revenue grew 4.2x in the last 12 months through organic demand.
Improve pitch deck slide,Our product is unique,Patent-pending AI workflow engine reducing manual effort by 60%.
Rewrite weak startup statement,We are growing fast,Revenue grew 4.2x in the last 12 months through organic demand.
Improve pitch deck slide,Need funding,"Raising $500k to accelerate GTM, hire engineers, and expand pilot customers."
Strengthen startup pitch slide,We are growing fast,Revenue grew 4.2x in the last 12 months through organic demand.
Improve pitch deck slide,Our product is unique,Patent-pending AI workflow engine reducing manual effort by 60%.
Strengthen startup pitch slide,We use AI,Uses proprietary AI models to automate decision workflows in real time.
Rewrite startup slide,Good traction,$40k MRR with 9% monthly growth and 85% customer retention.
Rewrite startup slide,We target everyone,Initial focus on Indian SMEs with 20–200 employees in retail and services.
Rewrite startup slide,Need to hire people,Hiring senior engineering and sales leaders to scale product and revenue.
Rewrite startup slide,Need to hire people,Hiring senior engineering and sales leaders to scale product and revenue.
Rewrite startup slide,Strong margins,Gross margins of 76% with improving payback period below 5 months.
Improve pitch deck slide,Subscription model,$29/month SaaS pricing with annual enterprise plans and 78% gross margins.
Improve pitch deck slide,Need to hire people,Hiring senior engineering and sales leaders to scale product and revenue.
Improve pitch deck slide,We help businesses grow,AI-powered CRM platform helping SMEs increase conversion rates by 32%.
Improve pitch deck slide,Large market opportunity,$12B global SaaS market growing at 18% CAGR with rising SME digitization demand.
Make this slide investor ready,We target everyone,Initial focus on Indian SMEs with 20–200 employees in retail and services.
Rewrite startup slide,Many competitors exist,"Fragmented market with no clear leader, creating room for category dominance."
Strengthen startup pitch slide,We solve a problem,Eliminates 8+ hours/week of manual reconciliation for finance teams.
Make this slide investor ready,We use AI,Uses proprietary AI models to automate decision workflows in real time.
Make this slide investor ready,Good traction,$40k MRR with 9% monthly growth and 85% customer retention.
Rewrite startup slide,Large market opportunity,$12B global SaaS market growing at 18% CAGR with rising SME digitization demand.
Strengthen startup pitch slide,We target everyone,Initial focus on Indian SMEs with 20–200 employees in retail and services.
Rewrite startup slide,Subscription model,$29/month SaaS pricing with annual enterprise plans and 78% gross margins.
Strengthen startup pitch slide,Large market opportunity,$12B global SaaS market growing at 18% CAGR with rising SME digitization demand.
Rewrite weak startup statement,We are growing fast,Revenue grew 4.2x in the last 12 months through organic demand.
Rewrite weak startup statement,We target everyone,Initial focus on Indian SMEs with 20–200 employees in retail and services.
Strengthen startup pitch slide,Large market opportunity,$12B global SaaS market growing at 18% CAGR with rising SME digitization demand.
Make this slide investor ready,Need to hire people,Hiring senior engineering and sales leaders to scale product and revenue.
Improve pitch deck slide,Strong margins,Gross margins of 76% with improving payback period below 5 months.
Rewrite startup slide,We help businesses grow,AI-powered CRM platform helping SMEs increase conversion rates by 32%.
Improve pitch deck slide,We target everyone,Initial focus on Indian SMEs with 20–200 employees in retail and services.
Improve pitch deck slide,We have users,"10,000 monthly active users with 22% month-over-month growth."
Strengthen startup pitch slide,We solve a problem,Eliminates 8+ hours/week of manual reconciliation for finance teams.
Rewrite weak startup statement,Great team,"Founding team from Google, McKinsey, and IIT with deep domain expertise."
Make this slide investor ready,Great team,"Founding team from Google, McKinsey, and IIT with deep domain expertise."
Rewrite weak startup statement,We help businesses grow,AI-powered CRM platform helping SMEs increase conversion rates by 32%.
Make this slide investor ready,Subscription model,$29/month SaaS pricing with annual enterprise plans and 78% gross margins.
Improve pitch deck slide,We solve a problem,Eliminates 8+ hours/week of manual reconciliation for finance teams.
Improve pitch deck slide,We are growing fast,Revenue grew 4.2x in the last 12 months through organic demand.
Rewrite startup slide,Great team,"Founding team from Google, McKinsey, and IIT with deep domain expertise."
Rewrite startup slide,Good traction,$40k MRR with 9% monthly growth and 85% customer retention.
Make this slide investor ready,We help businesses grow,AI-powered CRM platform helping SMEs increase conversion rates by 32%.
Make this slide investor ready,Subscription model,$29/month SaaS pricing with annual enterprise plans and 78% gross margins.
Make this slide investor ready,We target everyone,Initial focus on Indian SMEs with 20–200 employees in retail and services.
Rewrite startup slide,Large market opportunity,$12B global SaaS market growing at 18% CAGR with rising SME digitization demand.
Improve pitch deck slide,We are growing fast,Revenue grew 4.2x in the last 12 months through organic demand.
Make this slide investor ready,We help businesses grow,AI-powered CRM platform helping SMEs increase conversion rates by 32%.
Make this slide investor ready,Need to hire people,Hiring senior engineering and sales leaders to scale product and revenue.
Rewrite weak startup statement,Good traction,$40k MRR with 9% monthly growth and 85% customer retention.
Rewrite startup slide,We solve a problem,Eliminates 8+ hours/week of manual reconciliation for finance teams.
Strengthen startup pitch slide,We use AI,Uses proprietary AI models to automate decision workflows in real time.
Rewrite startup slide,We use AI,Uses proprietary AI models to automate decision workflows in real time.
Improve pitch deck slide,We have users,"10,000 monthly active users with 22% month-over-month growth."
Strengthen startup pitch slide,We use AI,Uses proprietary AI models to automate decision workflows in real time.
Rewrite weak startup statement,Our product is unique,Patent-pending AI workflow engine reducing manual effort by 60%.
Rewrite startup slide,Large market opportunity,$12B global SaaS market growing at 18% CAGR with rising SME digitization demand.
Rewrite weak startup statement,Good traction,$40k MRR with 9% monthly growth and 85% customer retention.
Strengthen startup pitch slide,We use AI,Uses proprietary AI models to automate decision workflows in real time.
Rewrite startup slide,We solve a problem,Eliminates 8+ hours/week of manual reconciliation for finance teams.
Rewrite weak startup statement,Need funding,"Raising $500k to accelerate GTM, hire engineers, and expand pilot customers."
Improve pitch deck slide,Large market opportunity,$12B global SaaS market growing at 18% CAGR with rising SME digitization demand.
Improve pitch deck slide,We solve a problem,Eliminates 8+ hours/week of manual reconciliation for finance teams.
Make this slide investor ready,Strong margins,Gross margins of 76% with improving payback period below 5 months.
Rewrite startup slide,We use AI,Uses proprietary AI models to automate decision workflows in real time.
Improve pitch deck slide,Great team,"Founding team from Google, McKinsey, and IIT with deep domain expertise."
Improve pitch deck slide,We solve a problem,Eliminates 8+ hours/week of manual reconciliation for finance teams.
Make this slide investor ready,We solve a problem,Eliminates 8+ hours/week of manual reconciliation for finance teams.
Strengthen startup pitch slide,Good traction,$40k MRR with 9% monthly growth and 85% customer retention.
Make this slide investor ready,Many competitors exist,"Fragmented market with no clear leader, creating room for category dominance."
Improve pitch deck slide,Strong margins,Gross margins of 76% with improving payback period below 5 months.
Rewrite startup slide,Strong margins,Gross margins of 76% with improving payback period below 5 months.
Rewrite weak startup statement,We target everyone,Initial focus on Indian SMEs with 20–200 employees in retail and services.
Rewrite startup slide,Large market opportunity,$12B global SaaS market growing at 18% CAGR with rising SME digitization demand.
Improve pitch deck slide,Subscription model,$29/month SaaS pricing with annual enterprise plans and 78% gross margins.
Rewrite startup slide,Need to hire people,Hiring senior engineering and sales leaders to scale product and revenue.
Strengthen startup pitch slide,Many competitors exist,"Fragmented market with no clear leader, creating room for category dominance."
Strengthen startup pitch slide,Strong margins,Gross margins of 76% with improving payback period below 5 months.
Make this slide investor ready,We solve a problem,Eliminates 8+ hours/week of manual reconciliation for finance teams.
Rewrite weak startup statement,Strong margins,Gross margins of 76% with improving payback period below 5 months.
Rewrite weak startup statement,Large market opportunity,$12B global SaaS market growing at 18% CAGR with rising SME digitization demand.
Make this slide investor ready,Strong margins,Gross margins of 76% with improving payback period below 5 months.
Improve pitch deck slide,Our product is unique,Patent-pending AI workflow engine reducing manual effort by 60%.
Strengthen startup pitch slide,Many competitors exist,"Fragmented market with no clear leader, creating room for category dominance."
Make this slide investor ready,Subscription model,$29/month SaaS pricing with annual enterprise plans and 78% gross margins.
Strengthen startup pitch slide,Need funding,"Raising $500k to accelerate GTM, hire engineers, and expand pilot customers."
Make this slide investor ready,Good traction,$40k MRR with 9% monthly growth and 85% customer retention.
Strengthen startup pitch slide,We help businesses grow,AI-powered CRM platform helping SMEs increase conversion rates by 32%.
Improve pitch deck slide,Great team,"Founding team from Google, McKinsey, and IIT with deep domain expertise."
Rewrite startup slide,We are growing fast,Revenue grew 4.2x in the last 12 months through organic demand.
Rewrite weak startup statement,We help businesses grow,AI-powered CRM platform helping SMEs increase conversion rates by 32%.
Make this slide investor ready,Need funding,"Raising $500k to accelerate GTM, hire engineers, and expand pilot customers."
Improve pitch deck slide,We are growing fast,Revenue grew 4.2x in the last 12 months through organic demand.
Make this slide investor ready,We are growing fast,Revenue grew 4.2x in the last 12 months through organic demand.
Rewrite weak startup statement,Many competitors exist,"Fragmented market with no clear leader, creating room for category dominance."
Rewrite startup slide,We help businesses grow,AI-powered CRM platform helping SMEs increase conversion rates by 32%.
Rewrite weak startup statement,Large market opportunity,$12B global SaaS market growing at 18% CAGR with rising SME digitization demand.
Rewrite weak startup statement,Our product is unique,Patent-pending AI workflow engine reducing manual effort by 60%.
Rewrite weak startup statement,Strong margins,Gross margins of 76% with improving payback period below 5 months.
Improve pitch deck slide,We help businesses grow,AI-powered CRM platform helping SMEs increase conversion rates by 32%.
Improve pitch deck slide,We help businesses grow,AI-powered CRM platform helping SMEs increase conversion rates by 32%.
Make this slide investor ready,Subscription model,$29/month SaaS pricing with annual enterprise plans and 78% gross margins.
Strengthen startup pitch slide,We target everyone,Initial focus on Indian SMEs with 20–200 employees in retail and services.
Make this slide investor ready,We target everyone,Initial focus on Indian SMEs with 20–200 employees in retail and services.
Rewrite startup slide,We help businesses grow,AI-powered CRM platform helping SMEs increase conversion rates by 32%.
Rewrite weak startup statement,We help businesses grow,AI-powered CRM platform helping SMEs increase conversion rates by 32%.
Rewrite startup slide,We target everyone,Initial focus on Indian SMEs with 20–200 employees in retail and services.
Strengthen startup pitch slide,We solve a problem,Eliminates 8+ hours/week of manual reconciliation for finance teams.
Rewrite weak startup statement,Strong margins,Gross margins of 76% with improving payback period below 5 months.
Make this slide investor ready,Need to hire people,Hiring senior engineering and sales leaders to scale product and revenue.
Rewrite weak startup statement,Large market opportunity,$12B global SaaS market growing at 18% CAGR with rising SME digitization demand.
Make this slide investor ready,Subscription model,$29/month SaaS pricing with annual enterprise plans and 78% gross margins.
Rewrite startup slide,Strong margins,Gross margins of 76% with improving payback period below 5 months.
Strengthen startup pitch slide,We are growing fast,Revenue grew 4.2x in the last 12 months through organic demand.
Improve pitch deck slide,We use AI,Uses proprietary AI models to automate decision workflows in real time.
Strengthen startup pitch slide,We solve a problem,Eliminates 8+ hours/week of manual reconciliation for finance teams.
Make this slide investor ready,Need funding,"Raising $500k to accelerate GTM, hire engineers, and expand pilot customers."
Improve pitch deck slide,Need funding,"Raising $500k to accelerate GTM, hire engineers, and expand pilot customers."
Rewrite weak startup statement,Great team,"Founding team from Google, McKinsey, and IIT with deep domain expertise."
Make this slide investor ready,Great team,"Founding team from Google, McKinsey, and IIT with deep domain expertise."
Rewrite startup slide,Need funding,"Raising $500k to accelerate GTM, hire engineers, and expand pilot customers."
Make this slide investor ready,Need funding,"Raising $500k to accelerate GTM, hire engineers, and expand pilot customers."
Make this slide investor ready,Great team,"Founding team from Google, McKinsey, and IIT with deep domain expertise."
Make this slide investor ready,Great team,"Founding team from Google, McKinsey, and IIT with deep domain expertise."
Rewrite startup slide,Strong margins,Gross margins of 76% with improving payback period below 5 months.
Rewrite weak startup statement,Many competitors exist,"Fragmented market with no clear leader, creating room for category dominance."
Make this slide investor ready,We have users,"10,000 monthly active users with 22% month-over-month growth."
Strengthen startup pitch slide,We solve a problem,Eliminates 8+ hours/week of manual reconciliation for finance teams.
Make this slide investor ready,We have users,"10,000 monthly active users with 22% month-over-month growth."
Improve pitch deck slide,We help businesses grow,AI-powered CRM platform helping SMEs increase conversion rates by 32%.
Rewrite startup slide,Great team,"Founding team from Google, McKinsey, and IIT with deep domain expertise."
Rewrite weak startup statement,Subscription model,$29/month SaaS pricing with annual enterprise plans and 78% gross margins.
Strengthen startup pitch slide,Need to hire people,Hiring senior engineering and sales leaders to scale product and revenue.
Rewrite weak startup statement,Subscription model,$29/month SaaS pricing with annual enterprise plans and 78% gross margins.
Rewrite weak startup statement,Our product is unique,Patent-pending AI workflow engine reducing manual effort by 60%.
Strengthen startup pitch slide,Subscription model,$29/month SaaS pricing with annual enterprise plans and 78% gross margins.
Rewrite weak startup statement,Need funding,"Raising $500k to accelerate GTM, hire engineers, and expand pilot customers."
Strengthen startup pitch slide,Many competitors exist,"Fragmented market with no clear leader, creating room for category dominance."
Improve pitch deck slide,We are growing fast,Revenue grew 4.2x in the last 12 months through organic demand.
Rewrite weak startup statement,Our product is unique,Patent-pending AI workflow engine reducing manual effort by 60%.
Make this slide investor ready,Need funding,"Raising $500k to accelerate GTM, hire engineers, and expand pilot customers."
Rewrite weak startup statement,Many competitors exist,"Fragmented market with no clear leader, creating room for category dominance."
Make this slide investor ready,We are growing fast,Revenue grew 4.2x in the last 12 months through organic demand.
Improve pitch deck slide,We solve a problem,Eliminates 8+ hours/week of manual reconciliation for finance teams.
Make this slide investor ready,Many competitors exist,"Fragmented market with no clear leader, creating room for category dominance."
Make this slide investor ready,Great team,"Founding team from Google, McKinsey, and IIT with deep domain expertise."
Rewrite startup slide,Many competitors exist,"Fragmented market with no clear leader, creating room for category dominance."
Strengthen startup pitch slide,We use AI,Uses proprietary AI models to automate decision workflows in real time.
Strengthen startup pitch slide,We have users,"10,000 monthly active users with 22% month-over-month growth."
Improve pitch deck slide,We target everyone,Initial focus on Indian SMEs with 20–200 employees in retail and services.
Strengthen startup pitch slide,Good traction,$40k MRR with 9% monthly growth and 85% customer retention.
Make this slide investor ready,Large market opportunity,$12B global SaaS market growing at 18% CAGR with rising SME digitization demand.
Improve pitch deck slide,We are growing fast,Revenue grew 4.2x in the last 12 months through organic demand.
Rewrite weak startup statement,Our product is unique,Patent-pending AI workflow engine reducing manual effort by 60%.
Rewrite startup slide,Need to hire people,Hiring senior engineering and sales leaders to scale product and revenue.
Make this slide investor ready,Need to hire people,Hiring senior engineering and sales leaders to scale product and revenue.
Make this slide investor ready,Good traction,$40k MRR with 9% monthly growth and 85% customer retention.
Rewrite weak startup statement,Need funding,"Raising $500k to accelerate GTM, hire engineers, and expand pilot customers."
Rewrite weak startup statement,We have users,"10,000 monthly active users with 22% month-over-month growth."
Improve pitch deck slide,Good traction,$40k MRR with 9% monthly growth and 85% customer retention.
Make this slide investor ready,We are growing fast,Revenue grew 4.2x in the last 12 months through organic demand.
Make this slide investor ready,Strong margins,Gross margins of 76% with improving payback period below 5 months.
Make this slide investor ready,We help businesses grow,AI-powered CRM platform helping SMEs increase conversion rates by 32%.
Make this slide investor ready,We solve a problem,Eliminates 8+ hours/week of manual reconciliation for finance teams.
Make this slide investor ready,We solve a problem,Eliminates 8+ hours/week of manual reconciliation for finance teams.
Strengthen startup pitch slide,We target everyone,Initial focus on Indian SMEs with 20–200 employees in retail and services.
Make this slide investor ready,We use AI,Uses proprietary AI models to automate decision workflows in real time.
Rewrite startup slide,We target everyone,Initial focus on Indian SMEs with 20–200 employees in retail and services.
Rewrite weak startup statement,Strong margins,Gross margins of 76% with improving payback period below 5 months.
Strengthen startup pitch slide,We are growing fast,Revenue grew 4.2x in the last 12 months through organic demand.
Rewrite startup slide,We solve a problem,Eliminates 8+ hours/week of manual reconciliation for finance teams.
Improve pitch deck slide,We help businesses grow,AI-powered CRM platform helping SMEs increase conversion rates by 32%.
Rewrite weak startup statement,Good traction,$40k MRR with 9% monthly growth and 85% customer retention.
Strengthen startup pitch slide,Need funding,"Raising $500k to accelerate GTM, hire engineers, and expand pilot customers."
Strengthen startup pitch slide,Large market opportunity,$12B global SaaS market growing at 18% CAGR with rising SME digitization demand.
Make this slide investor ready,Good traction,$40k MRR with 9% monthly growth and 85% customer retention.
Rewrite weak startup statement,Strong margins,Gross margins of 76% with improving payback period below 5 months.
Make this slide investor ready,Strong margins,Gross margins of 76% with improving payback period below 5 months.
Rewrite startup slide,We help businesses grow,AI-powered CRM platform helping SMEs increase conversion rates by 32%.
Rewrite weak startup statement,We help businesses grow,AI-powered CRM platform helping SMEs increase conversion rates by 32%.
Strengthen startup pitch slide,We have users,"10,000 monthly active users with 22% month-over-month growth."
Strengthen startup pitch slide,We are growing fast,Revenue grew 4.2x in the last 12 months through organic demand.
Strengthen startup pitch slide,We target everyone,Initial focus on Indian SMEs with 20–200 employees in retail and services.
Strengthen startup pitch slide,We are growing fast,Revenue grew 4.2x in the last 12 months through organic demand.
Make this slide investor ready,We have users,"10,000 monthly active users with 22% month-over-month growth."
Make this slide investor ready,Many competitors exist,"Fragmented market with no clear leader, creating room for category dominance."
Strengthen startup pitch slide,Our product is unique,Patent-pending AI workflow engine reducing manual effort by 60%.
Strengthen startup pitch slide,We are growing fast,Revenue grew 4.2x in the last 12 months through organic demand.
Rewrite weak startup statement,Need funding,"Raising $500k to accelerate GTM, hire engineers, and expand pilot customers."
Make this slide investor ready,Large market opportunity,$12B global SaaS market growing at 18% CAGR with rising SME digitization demand.
Rewrite weak startup statement,We help businesses grow,AI-powered CRM platform helping SMEs increase conversion rates by 32%.
Rewrite startup slide,Subscription model,$29/month SaaS pricing with annual enterprise plans and 78% gross margins.
Improve pitch deck slide,We help businesses grow,AI-powered CRM platform helping SMEs increase conversion rates by 32%.
Rewrite weak startup statement,Many competitors exist,"Fragmented market with no clear leader, creating room for category dominance."
Make this slide investor ready,Many competitors exist,"Fragmented market with no clear leader, creating room for category dominance."
Improve pitch deck slide,Strong margins,Gross margins of 76% with improving payback period below 5 months.
Make this slide investor ready,We target everyone,Initial focus on Indian SMEs with 20–200 employees in retail and services.
Make this slide investor ready,Many competitors exist,"Fragmented market with no clear leader, creating room for category dominance."
Make this slide investor ready,We help businesses grow,AI-powered CRM platform helping SMEs increase conversion rates by 32%.
Make this slide investor ready,We are growing fast,Revenue grew 4.2x in the last 12 months through organic demand.
Rewrite startup slide,Many competitors exist,"Fragmented market with no clear leader, creating room for category dominance."
Rewrite startup slide,Great team,"Founding team from Google, McKinsey, and IIT with deep domain expertise."
Rewrite startup slide,Strong margins,Gross margins of 76% with improving payback period below 5 months.
Rewrite weak startup statement,Large market opportunity,$12B global SaaS market growing at 18% CAGR with rising SME digitization demand.
Rewrite startup slide,Good traction,$40k MRR with 9% monthly growth and 85% customer retention.
Improve pitch deck slide,Good traction,$40k MRR with 9% monthly growth and 85% customer retention.
Improve pitch deck slide,We use AI,Uses proprietary AI models to automate decision workflows in real time.
Improve pitch deck slide,We target everyone,Initial focus on Indian SMEs with 20–200 employees in retail and services.
Improve pitch deck slide,We target everyone,Initial focus on Indian SMEs with 20–200 employees in retail and services.
Strengthen startup pitch slide,Many competitors exist,"Fragmented market with no clear leader, creating room for category dominance."
Make this slide investor ready,Subscription model,$29/month SaaS pricing with annual enterprise plans and 78% gross margins.
Make this slide investor ready,We have users,"10,000 monthly active users with 22% month-over-month growth."
Improve pitch deck slide,Good traction,$40k MRR with 9% monthly growth and 85% customer retention.
Make this slide investor ready,Need funding,"Raising $500k to accelerate GTM, hire engineers, and expand pilot customers."
Rewrite startup slide,Subscription model,$29/month SaaS pricing with annual enterprise plans and 78% gross margins.
Strengthen startup pitch slide,We are growing fast,Revenue grew 4.2x in the last 12 months through organic demand.
Improve pitch deck slide,We use AI,Uses proprietary AI models to automate decision workflows in real time.
Strengthen startup pitch slide,Our product is unique,Patent-pending AI workflow engine reducing manual effort by 60%.
Make this slide investor ready,Subscription model,$29/month SaaS pricing with annual enterprise plans and 78% gross margins.
Improve pitch deck slide,Large market opportunity,$12B global SaaS market growing at 18% CAGR with rising SME digitization demand.
Rewrite weak startup statement,We have users,"10,000 monthly active users with 22% month-over-month growth."
Rewrite startup slide,Strong margins,Gross margins of 76% with improving payback period below 5 months.
Rewrite startup slide,We solve a problem,Eliminates 8+ hours/week of manual reconciliation for finance teams.
Strengthen startup pitch slide,Strong margins,Gross margins of 76% with improving payback period below 5 months.
Rewrite weak startup statement,Need funding,"Raising $500k to accelerate GTM, hire engineers, and expand pilot customers."
Improve pitch deck slide,Many competitors exist,"Fragmented market with no clear leader, creating room for category dominance."
Rewrite startup slide,Our product is unique,Patent-pending AI workflow engine reducing manual effort by 60%.
Make this slide investor ready,Great team,"Founding team from Google, McKinsey, and IIT with deep domain expertise."
Rewrite weak startup statement,We target everyone,Initial focus on Indian SMEs with 20–200 employees in retail and services.
Make this slide investor ready,We solve a problem,Eliminates 8+ hours/week of manual reconciliation for finance teams.
Make this slide investor ready,We solve a problem,Eliminates 8+ hours/week of manual reconciliation for finance teams.
Rewrite startup slide,We solve a problem,Eliminates 8+ hours/week of manual reconciliation for finance teams.
Rewrite weak startup statement,Many competitors exist,"Fragmented market with no clear leader, creating room for category dominance."
Make this slide investor ready,Need to hire people,Hiring senior engineering and sales leaders to scale product and revenue.
Improve pitch deck slide,We solve a problem,Eliminates 8+ hours/week of manual reconciliation for finance teams.
Rewrite weak startup statement,Need to hire people,Hiring senior engineering and sales leaders to scale product and revenue.
Strengthen startup pitch slide,We use AI,Uses proprietary AI models to automate decision workflows in real time.
Rewrite startup slide,We solve a problem,Eliminates 8+ hours/week of manual reconciliation for finance teams.
Improve pitch deck slide,Good traction,$40k MRR with 9% monthly growth and 85% customer retention.
Rewrite startup slide,Many competitors exist,"Fragmented market with no clear leader, creating room for category dominance."
Rewrite weak startup statement,We have users,"10,000 monthly active users with 22% month-over-month growth."
Improve pitch deck slide,We help businesses grow,AI-powered CRM platform helping SMEs increase conversion rates by 32%.
Improve pitch deck slide,Many competitors exist,"Fragmented market with no clear leader, creating room for category dominance."
Make this slide investor ready,We target everyone,Initial focus on Indian SMEs with 20–200 employees in retail and services.
Strengthen startup pitch slide,Subscription model,$29/month SaaS pricing with annual enterprise plans and 78% gross margins.
Strengthen startup pitch slide,Need funding,"Raising $500k to accelerate GTM, hire engineers, and expand pilot customers."
Make this slide investor ready,Subscription model,$29/month SaaS pricing with annual enterprise plans and 78% gross margins.
Make this slide investor ready,Need funding,"Raising $500k to accelerate GTM, hire engineers, and expand pilot customers."
Strengthen startup pitch slide,Good traction,$40k MRR with 9% monthly growth and 85% customer retention.
Improve pitch deck slide,We are growing fast,Revenue grew 4.2x in the last 12 months through organic demand.
Improve pitch deck slide,We target everyone,Initial focus on Indian SMEs with 20–200 employees in retail and services.
Rewrite weak startup statement,Our product is unique,Patent-pending AI workflow engine reducing manual effort by 60%.
Improve pitch deck slide,Need funding,"Raising $500k to accelerate GTM, hire engineers, and expand pilot customers."
Make this slide investor ready,Many competitors exist,"Fragmented market with no clear leader, creating room for category dominance."
Rewrite startup slide,We solve a problem,Eliminates 8+ hours/week of manual reconciliation for finance teams.
Rewrite weak startup statement,Need to hire people,Hiring senior engineering and sales leaders to scale product and revenue.
Make this slide investor ready,Large market opportunity,$12B global SaaS market growing at 18% CAGR with rising SME digitization demand.
Improve pitch deck slide,Need funding,"Raising $500k to accelerate GTM, hire engineers, and expand pilot customers."
Make this slide investor ready,Need to hire people,Hiring senior engineering and sales leaders to scale product and revenue.
Strengthen startup pitch slide,We target everyone,Initial focus on Indian SMEs with 20–200 employees in retail and services.
Make this slide investor ready,Good traction,$40k MRR with 9% monthly growth and 85% customer retention.
Make this slide investor ready,Subscription model,$29/month SaaS pricing with annual enterprise plans and 78% gross margins.
Make this slide investor ready,Subscription model,$29/month SaaS pricing with annual enterprise plans and 78% gross margins.
Improve pitch deck slide,Our product is unique,Patent-pending AI workflow engine reducing manual effort by 60%.
Strengthen startup pitch slide,We help businesses grow,AI-powered CRM platform helping SMEs increase conversion rates by 32%.
Improve pitch deck slide,Large market opportunity,$12B global SaaS market growing at 18% CAGR with rising SME digitization demand.
Rewrite startup slide,Great team,"Founding team from Google, McKinsey, and IIT with deep domain expertise."
Improve pitch deck slide,Great team,"Founding team from Google, McKinsey, and IIT with deep domain expertise."
Rewrite weak startup statement,We target everyone,Initial focus on Indian SMEs with 20–200 employees in retail and services.
Make this slide investor ready,Need funding,"Raising $500k to accelerate GTM, hire engineers, and expand pilot customers."
Make this slide investor ready,We solve a problem,Eliminates 8+ hours/week of manual reconciliation for finance teams.
Strengthen startup pitch slide,We target everyone,Initial focus on Indian SMEs with 20–200 employees in retail and services.
Strengthen startup pitch slide,We help businesses grow,AI-powered CRM platform helping SMEs increase conversion rates by 32%.
Rewrite weak startup statement,We help businesses grow,AI-powered CRM platform helping SMEs increase conversion rates by 32%.
Strengthen startup pitch slide,Strong margins,Gross margins of 76% with improving payback period below 5 months.
Rewrite weak startup statement,Need to hire people,Hiring senior engineering and sales leaders to scale product and revenue.
Rewrite startup slide,We target everyone,Initial focus on Indian SMEs with 20–200 employees in retail and services.
Make this slide investor ready,Strong margins,Gross margins of 76% with improving payback period below 5 months.
Improve pitch deck slide,We target everyone,Initial focus on Indian SMEs with 20–200 employees in retail and services.
Rewrite startup slide,Subscription model,$29/month SaaS pricing with annual enterprise plans and 78% gross margins.
Improve pitch deck slide,We are growing fast,Revenue grew 4.2x in the last 12 months through organic demand.
Rewrite startup slide,Great team,"Founding team from Google, McKinsey, and IIT with deep domain expertise."
Rewrite weak startup statement,Our product is unique,Patent-pending AI workflow engine reducing manual effort by 60%.
Rewrite startup slide,Many competitors exist,"Fragmented market with no clear leader, creating room for category dominance."
Rewrite startup slide,Our product is unique,Patent-pending AI workflow engine reducing manual effort by 60%.
Improve pitch deck slide,Strong margins,Gross margins of 76% with improving payback period below 5 months.
Strengthen startup pitch slide,We have users,"10,000 monthly active users with 22% month-over-month growth."
Rewrite weak startup statement,We are growing fast,Revenue grew 4.2x in the last 12 months through organic demand.
Strengthen startup pitch slide,Need to hire people,Hiring senior engineering and sales leaders to scale product and revenue.
Make this slide investor ready,Good traction,$40k MRR with 9% monthly growth and 85% customer retention.
Strengthen startup pitch slide,Need funding,"Raising $500k to accelerate GTM, hire engineers, and expand pilot customers."
Improve pitch deck slide,Need funding,"Raising $500k to accelerate GTM, hire engineers, and expand pilot customers."
Improve pitch deck slide,Need to hire people,Hiring senior engineering and sales leaders to scale product and revenue.
Rewrite startup slide,Strong margins,Gross margins of 76% with improving payback period below 5 months.
Rewrite weak startup statement,We solve a problem,Eliminates 8+ hours/week of manual reconciliation for finance teams.
Rewrite weak startup statement,We target everyone,Initial focus on Indian SMEs with 20–200 employees in retail and services.
Strengthen startup pitch slide,We solve a problem,Eliminates 8+ hours/week of manual reconciliation for finance teams.
Rewrite weak startup statement,Need funding,"Raising $500k to accelerate GTM, hire engineers, and expand pilot customers."
Rewrite weak startup statement,We are growing fast,Revenue grew 4.2x in the last 12 months through organic demand.
Strengthen startup pitch slide,Great team,"Founding team from Google, McKinsey, and IIT with deep domain expertise."
Strengthen startup pitch slide,Great team,"Founding team from Google, McKinsey, and IIT with deep domain expertise."
Rewrite startup slide,We use AI,Uses proprietary AI models to automate decision workflows in real time.
Make this slide investor ready,Need funding,"Raising $500k to accelerate GTM, hire engineers, and expand pilot customers."
Rewrite startup slide,We use AI,Uses proprietary AI models to automate decision workflows in real time.
Improve pitch deck slide,Great team,"Founding team from Google, McKinsey, and IIT with deep domain expertise."
Improve pitch deck slide,We are growing fast,Revenue grew 4.2x in the last 12 months through organic demand.
Improve pitch deck slide,We have users,"10,000 monthly active users with 22% month-over-month growth."
Rewrite weak startup statement,We are growing fast,Revenue grew 4.2x in the last 12 months through organic demand.
Improve pitch deck slide,Need to hire people,Hiring senior engineering and sales leaders to scale product and revenue.
Make this slide investor ready,Strong margins,Gross margins of 76% with improving payback period below 5 months.
Improve pitch deck slide,Our product is unique,Patent-pending AI workflow engine reducing manual effort by 60%.
Rewrite weak startup statement,We solve a problem,Eliminates 8+ hours/week of manual reconciliation for finance teams.
Make this slide investor ready,Good traction,$40k MRR with 9% monthly growth and 85% customer retention.
Make this slide investor ready,Subscription model,$29/month SaaS pricing with annual enterprise plans and 78% gross margins.
Rewrite startup slide,We help businesses grow,AI-powered CRM platform helping SMEs increase conversion rates by 32%.
Strengthen startup pitch slide,Subscription model,$29/month SaaS pricing with annual enterprise plans and 78% gross margins.
Rewrite weak startup statement,We are growing fast,Revenue grew 4.2x in the last 12 months through organic demand.
Rewrite weak startup statement,We are growing fast,Revenue grew 4.2x in the last 12 months through organic demand.
Make this slide investor ready,Our product is unique,Patent-pending AI workflow engine reducing manual effort by 60%.
Strengthen startup pitch slide,Many competitors exist,"Fragmented market with no clear leader, creating room for category dominance."
Rewrite startup slide,Large market opportunity,$12B global SaaS market growing at 18% CAGR with rising SME digitization demand.
Make this slide investor ready,We are growing fast,Revenue grew 4.2x in the last 12 months through organic demand.
Rewrite weak startup statement,Good traction,$40k MRR with 9% monthly growth and 85% customer retention.
Rewrite startup slide,Need to hire people,Hiring senior engineering and sales leaders to scale product and revenue.
Strengthen startup pitch slide,Strong margins,Gross margins of 76% with improving payback period below 5 months.
Improve pitch deck slide,Subscription model,$29/month SaaS pricing with annual enterprise plans and 78% gross margins.
Improve pitch deck slide,Subscription model,$29/month SaaS pricing with annual enterprise plans and 78% gross margins.
Rewrite weak startup statement,Our product is unique,Patent-pending AI workflow engine reducing manual effort by 60%.
Rewrite weak startup statement,Many competitors exist,"Fragmented market with no clear leader, creating room for category dominance."
Strengthen startup pitch slide,Many competitors exist,"Fragmented market with no clear leader, creating room for category dominance."
Improve pitch deck slide,We solve a problem,Eliminates 8+ hours/week of manual reconciliation for finance teams.
Make this slide investor ready,We solve a problem,Eliminates 8+ hours/week of manual reconciliation for finance teams.
Rewrite weak startup statement,Strong margins,Gross margins of 76% with improving payback period below 5 months.
Rewrite startup slide,We use AI,Uses proprietary AI models to automate decision workflows in real time.
Rewrite startup slide,Large market opportunity,$12B global SaaS market growing at 18% CAGR with rising SME digitization demand.
Make this slide investor ready,Good traction,$40k MRR with 9% monthly growth and 85% customer retention.
Rewrite startup slide,Large market opportunity,$12B global SaaS market growing at 18% CAGR with rising SME digitization demand.
Improve pitch deck slide,We use AI,Uses proprietary AI models to automate decision workflows in real time.
Make this slide investor ready,Our product is unique,Patent-pending AI workflow engine reducing manual effort by 60%.
Make this slide investor ready,Large market opportunity,$12B global SaaS market growing at 18% CAGR with rising SME digitization demand.
Improve pitch deck slide,We have users,"10,000 monthly active users with 22% month-over-month growth."
Rewrite weak startup statement,We use AI,Uses proprietary AI models to automate decision workflows in real time.
Rewrite weak startup statement,Need funding,"Raising $500k to accelerate GTM, hire engineers, and expand pilot customers."
Rewrite weak startup statement,We help businesses grow,AI-powered CRM platform helping SMEs increase conversion rates by 32%.
Rewrite startup slide,Great team,"Founding team from Google, McKinsey, and IIT with deep domain expertise."
Improve pitch deck slide,Many competitors exist,"Fragmented market with no clear leader, creating room for category dominance."
Make this slide investor ready,Large market opportunity,$12B global SaaS market growing at 18% CAGR with rising SME digitization demand.
Rewrite weak startup statement,Good traction,$40k MRR with 9% monthly growth and 85% customer retention.
Improve pitch deck slide,We are growing fast,Revenue grew 4.2x in the last 12 months through organic demand.
Rewrite startup slide,Subscription model,$29/month SaaS pricing with annual enterprise plans and 78% gross margins.
Rewrite startup slide,We are growing fast,Revenue grew 4.2x in the last 12 months through organic demand.
Improve pitch deck slide,Large market opportunity,$12B global SaaS market growing at 18% CAGR with rising SME digitization demand.
Rewrite startup slide,Our product is unique,Patent-pending AI workflow engine reducing manual effort by 60%.
Strengthen startup pitch slide,Need funding,"Raising $500k to accelerate GTM, hire engineers, and expand pilot customers."
Strengthen startup pitch slide,We have users,"10,000 monthly active users with 22% month-over-month growth."
Make this slide investor ready,Good traction,$40k MRR with 9% monthly growth and 85% customer retention.
Rewrite startup slide,Large market opportunity,$12B global SaaS market growing at 18% CAGR with rising SME digitization demand.
Rewrite weak startup statement,We are growing fast,Revenue grew 4.2x in the last 12 months through organic demand.
Rewrite startup slide,Need to hire people,Hiring senior engineering and sales leaders to scale product and revenue.
Make this slide investor ready,Need to hire people,Hiring senior engineering and sales leaders to scale product and revenue.
Improve pitch deck slide,We are growing fast,Revenue grew 4.2x in the last 12 months through organic demand.
Rewrite startup slide,Our product is unique,Patent-pending AI workflow engine reducing manual effort by 60%.
Make this slide investor ready,We have users,"10,000 monthly active users with 22% month-over-month growth."
Rewrite startup slide,We help businesses grow,AI-powered CRM platform helping SMEs increase conversion rates by 32%.
Rewrite weak startup statement,We help businesses grow,AI-powered CRM platform helping SMEs increase conversion rates by 32%.
Rewrite weak startup statement,Many competitors exist,"Fragmented market with no clear leader, creating room for category dominance."
Make this slide investor ready,Need funding,"Raising $500k to accelerate GTM, hire engineers, and expand pilot customers."
Improve pitch deck slide,Strong margins,Gross margins of 76% with improving payback period below 5 months.
Improve pitch deck slide,Good traction,$40k MRR with 9% monthly growth and 85% customer retention.
Strengthen startup pitch slide,We help businesses grow,AI-powered CRM platform helping SMEs increase conversion rates by 32%.
Rewrite startup slide,We solve a problem,Eliminates 8+ hours/week of manual reconciliation for finance teams.
Improve pitch deck slide,We solve a problem,Eliminates 8+ hours/week of manual reconciliation for finance teams.
Rewrite weak startup statement,Our product is unique,Patent-pending AI workflow engine reducing manual effort by 60%.
Improve pitch deck slide,We are growing fast,Revenue grew 4.2x in the last 12 months through organic demand.
Improve pitch deck slide,Good traction,$40k MRR with 9% monthly growth and 85% customer retention.
Make this slide investor ready,We use AI,Uses proprietary AI models to automate decision workflows in real time.
Make this slide investor ready,We solve a problem,Eliminates 8+ hours/week of manual reconciliation for finance teams.
Improve pitch deck slide,Need to hire people,Hiring senior engineering and sales leaders to scale product and revenue.
Rewrite startup slide,We help businesses grow,AI-powered CRM platform helping SMEs increase conversion rates by 32%.
Rewrite startup slide,Need funding,"Raising $500k to accelerate GTM, hire engineers, and expand pilot customers."
Make this slide investor ready,We solve a problem,Eliminates 8+ hours/week of manual reconciliation for finance teams.
Make this slide investor ready,Many competitors exist,"Fragmented market with no clear leader, creating room for category dominance."
Improve pitch deck slide,Many competitors exist,"Fragmented market with no clear leader, creating room for category dominance."
Rewrite weak startup statement,We have users,"10,000 monthly active users with 22% month-over-month growth."
Rewrite startup slide,Good traction,$40k MRR with 9% monthly growth and 85% customer retention.
Strengthen startup pitch slide,We have users,"10,000 monthly active users with 22% month-over-month growth."
Strengthen startup pitch slide,We solve a problem,Eliminates 8+ hours/week of manual reconciliation for finance teams.
Strengthen startup pitch slide,We are growing fast,Revenue grew 4.2x in the last 12 months through organic demand.
Rewrite startup slide,Great team,"Founding team from Google, McKinsey, and IIT with deep domain expertise."
Rewrite weak startup statement,Need to hire people,Hiring senior engineering and sales leaders to scale product and revenue.
Strengthen startup pitch slide,We have users,"10,000 monthly active users with 22% month-over-month growth."
Strengthen startup pitch slide,We solve a problem,Eliminates 8+ hours/week of manual reconciliation for finance teams.
Make this slide investor ready,We have users,"10,000 monthly active users with 22% month-over-month growth."
Rewrite startup slide,Great team,"Founding team from Google, McKinsey, and IIT with deep domain expertise."
Improve pitch deck slide,Strong margins,Gross margins of 76% with improving payback period below 5 months.
Make this slide investor ready,Our product is unique,Patent-pending AI workflow engine reducing manual effort by 60%.
Improve pitch deck slide,We help businesses grow,AI-powered CRM platform helping SMEs increase conversion rates by 32%.
Strengthen startup pitch slide,Our product is unique,Patent-pending AI workflow engine reducing manual effort by 60%.
Strengthen startup pitch slide,We help businesses grow,AI-powered CRM platform helping SMEs increase conversion rates by 32%.
Rewrite startup slide,We use AI,Uses proprietary AI models to automate decision workflows in real time.
Rewrite weak startup statement,Many competitors exist,"Fragmented market with no clear leader, creating room for category dominance."
Make this slide investor ready,Need funding,"Raising $500k to accelerate GTM, hire engineers, and expand pilot customers."
Strengthen startup pitch slide,Need to hire people,Hiring senior engineering and sales leaders to scale product and revenue.
Rewrite weak startup statement,Subscription model,$29/month SaaS pricing with annual enterprise plans and 78% gross margins.
Improve pitch deck slide,We target everyone,Initial focus on Indian SMEs with 20–200 employees in retail and services.
Make this slide investor ready,Strong margins,Gross margins of 76% with improving payback period below 5 months.
Rewrite startup slide,Strong margins,Gross margins of 76% with improving payback period below 5 months.
Strengthen startup pitch slide,Large market opportunity,$12B global SaaS market growing at 18% CAGR with rising SME digitization demand.
Rewrite startup slide,We help businesses grow,AI-powered CRM platform helping SMEs increase conversion rates by 32%.
Improve pitch deck slide,Great team,"Founding team from Google, McKinsey, and IIT with deep domain expertise."
Rewrite startup slide,Large market opportunity,$12B global SaaS market growing at 18% CAGR with rising SME digitization demand.
Make this slide investor ready,Strong margins,Gross margins of 76% with improving payback period below 5 months.
Rewrite weak startup statement,We target everyone,Initial focus on Indian SMEs with 20–200 employees in retail and services.
Strengthen startup pitch slide,Good traction,$40k MRR with 9% monthly growth and 85% customer retention.
Make this slide investor ready,Strong margins,Gross margins of 76% with improving payback period below 5 months.
Make this slide investor ready,Subscription model,$29/month SaaS pricing with annual enterprise plans and 78% gross margins.
Strengthen startup pitch slide,We help businesses grow,AI-powered CRM platform helping SMEs increase conversion rates by 32%.
Strengthen startup pitch slide,We target everyone,Initial focus on Indian SMEs with 20–200 employees in retail and services.
Rewrite weak startup statement,Need funding,"Raising $500k to accelerate GTM, hire engineers, and expand pilot customers."
Rewrite weak startup statement,We help businesses grow,AI-powered CRM platform helping SMEs increase conversion rates by 32%.
Strengthen startup pitch slide,We help businesses grow,AI-powered CRM platform helping SMEs increase conversion rates by 32%.
Improve pitch deck slide,We use AI,Uses proprietary AI models to automate decision workflows in real time.
Improve pitch deck slide,Strong margins,Gross margins of 76% with improving payback period below 5 months.
Rewrite weak startup statement,We target everyone,Initial focus on Indian SMEs with 20–200 employees in retail and services.
Strengthen startup pitch slide,Subscription model,$29/month SaaS pricing with annual enterprise plans and 78% gross margins.
Rewrite startup slide,Good traction,$40k MRR with 9% monthly growth and 85% customer retention.
Make this slide investor ready,Great team,"Founding team from Google, McKinsey, and IIT with deep domain expertise."
Improve pitch deck slide,We are growing fast,Revenue grew 4.2x in the last 12 months through organic demand.
Improve pitch deck slide,Large market opportunity,$12B global SaaS market growing at 18% CAGR with rising SME digitization demand.
Make this slide investor ready,We help businesses grow,AI-powered CRM platform helping SMEs increase conversion rates by 32%.
Make this slide investor ready,We help businesses grow,AI-powered CRM platform helping SMEs increase conversion rates by 32%.
Strengthen startup pitch slide,We solve a problem,Eliminates 8+ hours/week of manual reconciliation for finance teams.
Rewrite weak startup statement,Large market opportunity,$12B global SaaS market growing at 18% CAGR with rising SME digitization demand.
Improve pitch deck slide,Good traction,$40k MRR with 9% monthly growth and 85% customer retention.
Rewrite startup slide,We help businesses grow,AI-powered CRM platform helping SMEs increase conversion rates by 32%.
Improve pitch deck slide,We are growing fast,Revenue grew 4.2x in the last 12 months through organic demand.
Rewrite startup slide,We are growing fast,Revenue grew 4.2x in the last 12 months through organic demand.
Make this slide investor ready,Need funding,"Raising $500k to accelerate GTM, hire engineers, and expand pilot customers."
Strengthen startup pitch slide,Many competitors exist,"Fragmented market with no clear leader, creating room for category dominance."
Rewrite weak startup statement,We target everyone,Initial focus on Indian SMEs with 20–200 employees in retail and services.
Rewrite weak startup statement,Need funding,"Raising $500k to accelerate GTM, hire engineers, and expand pilot customers."
Rewrite weak startup statement,Need funding,"Raising $500k to accelerate GTM, hire engineers, and expand pilot customers."
Rewrite startup slide,We are growing fast,Revenue grew 4.2x in the last 12 months through organic demand.
Rewrite startup slide,Strong margins,Gross margins of 76% with improving payback period below 5 months.
Make this slide investor ready,Many competitors exist,"Fragmented market with no clear leader, creating room for category dominance."
Strengthen startup pitch slide,Great team,"Founding team from Google, McKinsey, and IIT with deep domain expertise."
Rewrite weak startup statement,We help businesses grow,AI-powered CRM platform helping SMEs increase conversion rates by 32%.
Strengthen startup pitch slide,We are growing fast,Revenue grew 4.2x in the last 12 months through organic demand.
Rewrite startup slide,Good traction,$40k MRR with 9% monthly growth and 85% customer retention.
Make this slide investor ready,Our product is unique,Patent-pending AI workflow engine reducing manual effort by 60%.
Rewrite weak startup statement,We target everyone,Initial focus on Indian SMEs with 20–200 employees in retail and services.
Make this slide investor ready,Large market opportunity,$12B global SaaS market growing at 18% CAGR with rising SME digitization demand.
Strengthen startup pitch slide,Need to hire people,Hiring senior engineering and sales leaders to scale product and revenue.
Rewrite weak startup statement,Need funding,"Raising $500k to accelerate GTM, hire engineers, and expand pilot customers."
Rewrite weak startup statement,Need funding,"Raising $500k to accelerate GTM, hire engineers, and expand pilot customers."
Rewrite startup slide,Strong margins,Gross margins of 76% with improving payback period below 5 months.
Strengthen startup pitch slide,We use AI,Uses proprietary AI models to automate decision workflows in real time.
Rewrite startup slide,Good traction,$40k MRR with 9% monthly growth and 85% customer retention.
Strengthen startup pitch slide,We have users,"10,000 monthly active users with 22% month-over-month growth."
Rewrite startup slide,Large market opportunity,$12B global SaaS market growing at 18% CAGR with rising SME digitization demand.
Rewrite startup slide,Need to hire people,Hiring senior engineering and sales leaders to scale product and revenue.
Rewrite startup slide,We have users,"10,000 monthly active users with 22% month-over-month growth."
Rewrite weak startup statement,Our product is unique,Patent-pending AI workflow engine reducing manual effort by 60%.
Improve pitch deck slide,Subscription model,$29/month SaaS pricing with annual enterprise plans and 78% gross margins.
Rewrite startup slide,Need funding,"Raising $500k to accelerate GTM, hire engineers, and expand pilot customers."
Make this slide investor ready,We target everyone,Initial focus on Indian SMEs with 20–200 employees in retail and services.
Rewrite weak startup statement,We have users,"10,000 monthly active users with 22% month-over-month growth."
Make this slide investor ready,We have users,"10,000 monthly active users with 22% month-over-month growth."
Rewrite weak startup statement,We use AI,Uses proprietary AI models to automate decision workflows in real time.
Rewrite startup slide,Great team,"Founding team from Google, McKinsey, and IIT with deep domain expertise."
Rewrite weak startup statement,We solve a problem,Eliminates 8+ hours/week of manual reconciliation for finance teams.
Strengthen startup pitch slide,We help businesses grow,AI-powered CRM platform helping SMEs increase conversion rates by 32%.
Rewrite startup slide,Good traction,$40k MRR with 9% monthly growth and 85% customer retention.
Improve pitch deck slide,Need funding,"Raising $500k to accelerate GTM, hire engineers, and expand pilot customers."
Strengthen startup pitch slide,Strong margins,Gross margins of 76% with improving payback period below 5 months.
Make this slide investor ready,Large market opportunity,$12B global SaaS market growing at 18% CAGR with rising SME digitization demand.
Make this slide investor ready,We help businesses grow,AI-powered CRM platform helping SMEs increase conversion rates by 32%.
Rewrite weak startup statement,Need to hire people,Hiring senior engineering and sales leaders to scale product and revenue.
Rewrite weak startup statement,Strong margins,Gross margins of 76% with improving payback period below 5 months.
Rewrite startup slide,Many competitors exist,"Fragmented market with no clear leader, creating room for category dominance."
Make this slide investor ready,We target everyone,Initial focus on Indian SMEs with 20–200 employees in retail and services.
Rewrite weak startup statement,Large market opportunity,$12B global SaaS market growing at 18% CAGR with rising SME digitization demand.
Rewrite weak startup statement,We have users,"10,000 monthly active users with 22% month-over-month growth."
Rewrite weak startup statement,We solve a problem,Eliminates 8+ hours/week of manual reconciliation for finance teams.
Strengthen startup pitch slide,We are growing fast,Revenue grew 4.2x in the last 12 months through organic demand.
Make this slide investor ready,We have users,"10,000 monthly active users with 22% month-over-month growth."
Strengthen startup pitch slide,Many competitors exist,"Fragmented market with no clear leader, creating room for category dominance."
Improve pitch deck slide,Our product is unique,Patent-pending AI workflow engine reducing manual effort by 60%.
Strengthen startup pitch slide,We are growing fast,Revenue grew 4.2x in the last 12 months through organic demand.
Improve pitch deck slide,Strong margins,Gross margins of 76% with improving payback period below 5 months.
Rewrite startup slide,Need funding,"Raising $500k to accelerate GTM, hire engineers, and expand pilot customers."
Make this slide investor ready,We use AI,Uses proprietary AI models to automate decision workflows in real time.
Improve pitch deck slide,Large market opportunity,$12B global SaaS market growing at 18% CAGR with rising SME digitization demand.
Rewrite weak startup statement,We target everyone,Initial focus on Indian SMEs with 20–200 employees in retail and services.
Rewrite startup slide,Good traction,$40k MRR with 9% monthly growth and 85% customer retention.
Rewrite startup slide,Many competitors exist,"Fragmented market with no clear leader, creating room for category dominance."
Make this slide investor ready,Strong margins,Gross margins of 76% with improving payback period below 5 months.
Rewrite weak startup statement,Need to hire people,Hiring senior engineering and sales leaders to scale product and revenue.
Improve pitch deck slide,We help businesses grow,AI-powered CRM platform helping SMEs increase conversion rates by 32%.
Improve pitch deck slide,We target everyone,Initial focus on Indian SMEs with 20–200 employees in retail and services.
Make this slide investor ready,Subscription model,$29/month SaaS pricing with annual enterprise plans and 78% gross margins.
Improve pitch deck slide,Large market opportunity,$12B global SaaS market growing at 18% CAGR with rising SME digitization demand.
Rewrite weak startup statement,We are growing fast,Revenue grew 4.2x in the last 12 months through organic demand.
Rewrite startup slide,We help businesses grow,AI-powered CRM platform helping SMEs increase conversion rates by 32%.
Improve pitch deck slide,We use AI,Uses proprietary AI models to automate decision workflows in real time.
Strengthen startup pitch slide,We use AI,Uses proprietary AI models to automate decision workflows in real time.
Rewrite weak startup statement,Subscription model,$29/month SaaS pricing with annual enterprise plans and 78% gross margins.
Rewrite startup slide,Our product is unique,Patent-pending AI workflow engine reducing manual effort by 60%.
Rewrite startup slide,We solve a problem,Eliminates 8+ hours/week of manual reconciliation for finance teams.
Improve pitch deck slide,We target everyone,Initial focus on Indian SMEs with 20–200 employees in retail and services.
Make this slide investor ready,Good traction,$40k MRR with 9% monthly growth and 85% customer retention.
Strengthen startup pitch slide,We help businesses grow,AI-powered CRM platform helping SMEs increase conversion rates by 32%.
Rewrite startup slide,We solve a problem,Eliminates 8+ hours/week of manual reconciliation for finance teams.
Improve pitch deck slide,Subscription model,$29/month SaaS pricing with annual enterprise plans and 78% gross margins.
Rewrite weak startup statement,We have users,"10,000 monthly active users with 22% month-over-month growth."
Rewrite weak startup statement,Great team,"Founding team from Google, McKinsey, and IIT with deep domain expertise."
Make this slide investor ready,We use AI,Uses proprietary AI models to automate decision workflows in real time.
Rewrite weak startup statement,We are growing fast,Revenue grew 4.2x in the last 12 months through organic demand.
Make this slide investor ready,Many competitors exist,"Fragmented market with no clear leader, creating room for category dominance."
Improve pitch deck slide,Great team,"Founding team from Google, McKinsey, and IIT with deep domain expertise."
Improve pitch deck slide,We help businesses grow,AI-powered CRM platform helping SMEs increase conversion rates by 32%.
Strengthen startup pitch slide,Need funding,"Raising $500k to accelerate GTM, hire engineers, and expand pilot customers."
Improve pitch deck slide,We help businesses grow,AI-powered CRM platform helping SMEs increase conversion rates by 32%.
Improve pitch deck slide,We help businesses grow,AI-powered CRM platform helping SMEs increase conversion rates by 32%.
Make this slide investor ready,Our product is unique,Patent-pending AI workflow engine reducing manual effort by 60%.
Make this slide investor ready,Many competitors exist,"Fragmented market with no clear leader, creating room for category dominance."
Strengthen startup pitch slide,We help businesses grow,AI-powered CRM platform helping SMEs increase conversion rates by 32%.
Improve pitch deck slide,Many competitors exist,"Fragmented market with no clear leader, creating room for category dominance."
Rewrite weak startup statement,Our product is unique,Patent-pending AI workflow engine reducing manual effort by 60%.
Rewrite weak startup statement,Our product is unique,Patent-pending AI workflow engine reducing manual effort by 60%.
Rewrite startup slide,Need to hire people,Hiring senior engineering and sales leaders to scale product and revenue.
Improve pitch deck slide,We help businesses grow,AI-powered CRM platform helping SMEs increase conversion rates by 32%.
Rewrite weak startup statement,Strong margins,Gross margins of 76% with improving payback period below 5 months.
Strengthen startup pitch slide,Need to hire people,Hiring senior engineering and sales leaders to scale product and revenue.
Improve pitch deck slide,Large market opportunity,$12B global SaaS market growing at 18% CAGR with rising SME digitization demand.
Rewrite weak startup statement,Need to hire people,Hiring senior engineering and sales leaders to scale product and revenue.
Rewrite startup slide,Need funding,"Raising $500k to accelerate GTM, hire engineers, and expand pilot customers."
Improve pitch deck slide,We are growing fast,Revenue grew 4.2x in the last 12 months through organic demand.
Make this slide investor ready,Many competitors exist,"Fragmented market with no clear leader, creating room for category dominance."
Rewrite startup slide,We target everyone,Initial focus on Indian SMEs with 20–200 employees in retail and services.
Rewrite weak startup statement,Good traction,$40k MRR with 9% monthly growth and 85% customer retention.
Improve pitch deck slide,Great team,"Founding team from Google, McKinsey, and IIT with deep domain expertise."
Make this slide investor ready,Large market opportunity,$12B global SaaS market growing at 18% CAGR with rising SME digitization demand.
Make this slide investor ready,Need to hire people,Hiring senior engineering and sales leaders to scale product and revenue.
Strengthen startup pitch slide,We target everyone,Initial focus on Indian SMEs with 20–200 employees in retail and services.
Rewrite startup slide,We have users,"10,000 monthly active users with 22% month-over-month growth."
Rewrite startup slide,Our product is unique,Patent-pending AI workflow engine reducing manual effort by 60%.
Improve pitch deck slide,Strong margins,Gross margins of 76% with improving payback period below 5 months.
Rewrite startup slide,We help businesses grow,AI-powered CRM platform helping SMEs increase conversion rates by 32%.
Improve pitch deck slide,Large market opportunity,$12B global SaaS market growing at 18% CAGR with rising SME digitization demand.
Improve pitch deck slide,Need funding,"Raising $500k to accelerate GTM, hire engineers, and expand pilot customers."
Make this slide investor ready,Need to hire people,Hiring senior engineering and sales leaders to scale product and revenue.
Rewrite startup slide,Many competitors exist,"Fragmented market with no clear leader, creating room for category dominance."
Strengthen startup pitch slide,We solve a problem,Eliminates 8+ hours/week of manual reconciliation for finance teams.
Rewrite startup slide,Great team,"Founding team from Google, McKinsey, and IIT with deep domain expertise."
Rewrite startup slide,Large market opportunity,$12B global SaaS market growing at 18% CAGR with rising SME digitization demand.
Make this slide investor ready,We have users,"10,000 monthly active users with 22% month-over-month growth."
Improve pitch deck slide,Strong margins,Gross margins of 76% with improving payback period below 5 months.
Rewrite weak startup statement,We help businesses grow,AI-powered CRM platform helping SMEs increase conversion rates by 32%.
Rewrite startup slide,We help businesses grow,AI-powered CRM platform helping SMEs increase conversion rates by 32%.
Rewrite startup slide,Our product is unique,Patent-pending AI workflow engine reducing manual effort by 60%.
Strengthen startup pitch slide,Need funding,"Raising $500k to accelerate GTM, hire engineers, and expand pilot customers."
Make this slide investor ready,Subscription model,$29/month SaaS pricing with annual enterprise plans and 78% gross margins.
Rewrite startup slide,Our product is unique,Patent-pending AI workflow engine reducing manual effort by 60%.
Make this slide investor ready,Subscription model,$29/month SaaS pricing with annual enterprise plans and 78% gross margins.
Rewrite weak startup statement,Need funding,"Raising $500k to accelerate GTM, hire engineers, and expand pilot customers."
Improve pitch deck slide,We have users,"10,000 monthly active users with 22% month-over-month growth."
Rewrite weak startup statement,Great team,"Founding team from Google, McKinsey, and IIT with deep domain expertise."
Improve pitch deck slide,Our product is unique,Patent-pending AI workflow engine reducing manual effort by 60%.
Strengthen startup pitch slide,Large market opportunity,$12B global SaaS market growing at 18% CAGR with rising SME digitization demand.
Strengthen startup pitch slide,We solve a problem,Eliminates 8+ hours/week of manual reconciliation for finance teams.
Rewrite weak startup statement,We have users,"10,000 monthly active users with 22% month-over-month growth."
Make this slide investor ready,Our product is unique,Patent-pending AI workflow engine reducing manual effort by 60%.
Strengthen startup pitch slide,We use AI,Uses proprietary AI models to automate decision workflows in real time.
Rewrite startup slide,Our product is unique,Patent-pending AI workflow engine reducing manual effort by 60%.
Rewrite weak startup statement,We help businesses grow,AI-powered CRM platform helping SMEs increase conversion rates by 32%.
Improve pitch deck slide,Subscription model,$29/month SaaS pricing with annual enterprise plans and 78% gross margins.
Improve pitch deck slide,Subscription model,$29/month SaaS pricing with annual enterprise plans and 78% gross margins.
Strengthen startup pitch slide,Good traction,$40k MRR with 9% monthly growth and 85% customer retention.
Strengthen startup pitch slide,We have users,"10,000 monthly active users with 22% month-over-month growth."
Rewrite startup slide,Strong margins,Gross margins of 76% with improving payback period below 5 months.
Rewrite weak startup statement,Subscription model,$29/month SaaS pricing with annual enterprise plans and 78% gross margins.
Strengthen startup pitch slide,Our product is unique,Patent-pending AI workflow engine reducing manual effort by 60%.
Make this slide investor ready,Strong margins,Gross margins of 76% with improving payback period below 5 months.
Strengthen startup pitch slide,Many competitors exist,"Fragmented market with no clear leader, creating room for category dominance."
Rewrite weak startup statement,We target everyone,Initial focus on Indian SMEs with 20–200 employees in retail and services.
Rewrite weak startup statement,Subscription model,$29/month SaaS pricing with annual enterprise plans and 78% gross margins.
Rewrite startup slide,Need funding,"Raising $500k to accelerate GTM, hire engineers, and expand pilot customers."
Strengthen startup pitch slide,Many competitors exist,"Fragmented market with no clear leader, creating room for category dominance."
Rewrite startup slide,We have users,"10,000 monthly active users with 22% month-over-month growth."
Rewrite weak startup statement,We use AI,Uses proprietary AI models to automate decision workflows in real time.
Make this slide investor ready,Large market opportunity,$12B global SaaS market growing at 18% CAGR with rising SME digitization demand.
Rewrite weak startup statement,We target everyone,Initial focus on Indian SMEs with 20–200 employees in retail and services.
Strengthen startup pitch slide,Strong margins,Gross margins of 76% with improving payback period below 5 months.
Improve pitch deck slide,We have users,"10,000 monthly active users with 22% month-over-month growth."
Improve pitch deck slide,We help businesses grow,AI-powered CRM platform helping SMEs increase conversion rates by 32%.
Improve pitch deck slide,Good traction,$40k MRR with 9% monthly growth and 85% customer retention.
Strengthen startup pitch slide,Great team,"Founding team from Google, McKinsey, and IIT with deep domain expertise."
Rewrite startup slide,Need to hire people,Hiring senior engineering and sales leaders to scale product and revenue.
Improve pitch deck slide,Strong margins,Gross margins of 76% with improving payback period below 5 months.
Make this slide investor ready,We solve a problem,Eliminates 8+ hours/week of manual reconciliation for finance teams.
Improve pitch deck slide,Many competitors exist,"Fragmented market with no clear leader, creating room for category dominance."
Improve pitch deck slide,Need funding,"Raising $500k to accelerate GTM, hire engineers, and expand pilot customers."
Rewrite weak startup statement,We solve a problem,Eliminates 8+ hours/week of manual reconciliation for finance teams.
Rewrite weak startup statement,Strong margins,Gross margins of 76% with improving payback period below 5 months.
Strengthen startup pitch slide,We use AI,Uses proprietary AI models to automate decision workflows in real time.
Rewrite weak startup statement,Large market opportunity,$12B global SaaS market growing at 18% CAGR with rising SME digitization demand.
Strengthen startup pitch slide,We solve a problem,Eliminates 8+ hours/week of manual reconciliation for finance teams.
Strengthen startup pitch slide,Need funding,"Raising $500k to accelerate GTM, hire engineers, and expand pilot customers."
Make this slide investor ready,We have users,"10,000 monthly active users with 22% month-over-month growth."
Rewrite weak startup statement,We target everyone,Initial focus on Indian SMEs with 20–200 employees in retail and services.
Make this slide investor ready,Need funding,"Raising $500k to accelerate GTM, hire engineers, and expand pilot customers."
Rewrite startup slide,Large market opportunity,$12B global SaaS market growing at 18% CAGR with rising SME digitization demand.
Improve pitch deck slide,Large market opportunity,$12B global SaaS market growing at 18% CAGR with rising SME digitization demand.
Improve pitch deck slide,We solve a problem,Eliminates 8+ hours/week of manual reconciliation for finance teams.
Strengthen startup pitch slide,Large market opportunity,$12B global SaaS market growing at 18% CAGR with rising SME digitization demand.
Rewrite startup slide,Our product is unique,Patent-pending AI workflow engine reducing manual effort by 60%.
Strengthen startup pitch slide,Many competitors exist,"Fragmented market with no clear leader, creating room for category dominance."
Improve pitch deck slide,We have users,"10,000 monthly active users with 22% month-over-month growth."
Improve pitch deck slide,Many competitors exist,"Fragmented market with no clear leader, creating room for category dominance."
Rewrite weak startup statement,We use AI,Uses proprietary AI models to automate decision workflows in real time.
Rewrite startup slide,Large market opportunity,$12B global SaaS market growing at 18% CAGR with rising SME digitization demand.
Strengthen startup pitch slide,Need funding,"Raising $500k to accelerate GTM, hire engineers, and expand pilot customers."
Improve pitch deck slide,We are growing fast,Revenue grew 4.2x in the last 12 months through organic demand.
Rewrite startup slide,Strong margins,Gross margins of 76% with improving payback period below 5 months.
Strengthen startup pitch slide,Need to hire people,Hiring senior engineering and sales leaders to scale product and revenue.
Rewrite weak startup statement,Need to hire people,Hiring senior engineering and sales leaders to scale product and revenue.
Rewrite weak startup statement,We help businesses grow,AI-powered CRM platform helping SMEs increase conversion rates by 32%.
Make this slide investor ready,We are growing fast,Revenue grew 4.2x in the last 12 months through organic demand.
Rewrite startup slide,We solve a problem,Eliminates 8+ hours/week of manual reconciliation for finance teams.
Rewrite weak startup statement,Many competitors exist,"Fragmented market with no clear leader, creating room for category dominance."
Improve pitch deck slide,Many competitors exist,"Fragmented market with no clear leader, creating room for category dominance."
Make this slide investor ready,Need funding,"Raising $500k to accelerate GTM, hire engineers, and expand pilot customers."
Make this slide investor ready,Strong margins,Gross margins of 76% with improving payback period below 5 months.
Rewrite weak startup statement,Good traction,$40k MRR with 9% monthly growth and 85% customer retention.
Strengthen startup pitch slide,Need funding,"Raising $500k to accelerate GTM, hire engineers, and expand pilot customers."
Strengthen startup pitch slide,We are growing fast,Revenue grew 4.2x in the last 12 months through organic demand.
Rewrite weak startup statement,Strong margins,Gross margins of 76% with improving payback period below 5 months.
Strengthen startup pitch slide,We have users,"10,000 monthly active users with 22% month-over-month growth."
Improve pitch deck slide,Need to hire people,Hiring senior engineering and sales leaders to scale product and revenue.
Rewrite weak startup statement,Subscription model,$29/month SaaS pricing with annual enterprise plans and 78% gross margins.
Rewrite weak startup statement,We are growing fast,Revenue grew 4.2x in the last 12 months through organic demand.
Improve pitch deck slide,Need funding,"Raising $500k to accelerate GTM, hire engineers, and expand pilot customers."
Rewrite startup slide,We are growing fast,Revenue grew 4.2x in the last 12 months through organic demand.
Strengthen startup pitch slide,We are growing fast,Revenue grew 4.2x in the last 12 months through organic demand.
Strengthen startup pitch slide,Subscription model,$29/month SaaS pricing with annual enterprise plans and 78% gross margins.
Improve pitch deck slide,Large market opportunity,$12B global SaaS market growing at 18% CAGR with rising SME digitization demand.
Rewrite weak startup statement,We solve a problem,Eliminates 8+ hours/week of manual reconciliation for finance teams.
Strengthen startup pitch slide,We use AI,Uses proprietary AI models to automate decision workflows in real time.
Strengthen startup pitch slide,We have users,"10,000 monthly active users with 22% month-over-month growth."
Make this slide investor ready,We help businesses grow,AI-powered CRM platform helping SMEs increase conversion rates by 32%.
Rewrite weak startup statement,Need funding,"Raising $500k to accelerate GTM, hire engineers, and expand pilot customers."
Rewrite startup slide,We are growing fast,Revenue grew 4.2x in the last 12 months through organic demand.
Rewrite weak startup statement,We have users,"10,000 monthly active users with 22% month-over-month growth."
Improve pitch deck slide,Many competitors exist,"Fragmented market with no clear leader, creating room for category dominance."
Rewrite startup slide,Good traction,$40k MRR with 9% monthly growth and 85% customer retention.
Rewrite weak startup statement,Need to hire people,Hiring senior engineering and sales leaders to scale product and revenue.
Rewrite startup slide,Our product is unique,Patent-pending AI workflow engine reducing manual effort by 60%.
Improve pitch deck slide,Great team,"Founding team from Google, McKinsey, and IIT with deep domain expertise."
Rewrite startup slide,We have users,"10,000 monthly active users with 22% month-over-month growth."
Rewrite weak startup statement,Many competitors exist,"Fragmented market with no clear leader, creating room for category dominance."
Rewrite startup slide,Strong margins,Gross margins of 76% with improving payback period below 5 months.
Rewrite startup slide,We are growing fast,Revenue grew 4.2x in the last 12 months through organic demand.
Make this slide investor ready,Large market opportunity,$12B global SaaS market growing at 18% CAGR with rising SME digitization demand.
Make this slide investor ready,Our product is unique,Patent-pending AI workflow engine reducing manual effort by 60%.
Make this slide investor ready,Need funding,"Raising $500k to accelerate GTM, hire engineers, and expand pilot customers."
Make this slide investor ready,Our product is unique,Patent-pending AI workflow engine reducing manual effort by 60%.
Strengthen startup pitch slide,Many competitors exist,"Fragmented market with no clear leader, creating room for category dominance."
Rewrite startup slide,Subscription model,$29/month SaaS pricing with annual enterprise plans and 78% gross margins.
Make this slide investor ready,Need to hire people,Hiring senior engineering and sales leaders to scale product and revenue.
Strengthen startup pitch slide,Strong margins,Gross margins of 76% with improving payback period below 5 months.
Improve pitch deck slide,Good traction,$40k MRR with 9% monthly growth and 85% customer retention.
Make this slide investor ready,Need funding,"Raising $500k to accelerate GTM, hire engineers, and expand pilot customers."
Rewrite startup slide,We help businesses grow,AI-powered CRM platform helping SMEs increase conversion rates by 32%.
Rewrite startup slide,Great team,"Founding team from Google, McKinsey, and IIT with deep domain expertise."
Rewrite weak startup statement,Many competitors exist,"Fragmented market with no clear leader, creating room for category dominance."
Rewrite startup slide,We help businesses grow,AI-powered CRM platform helping SMEs increase conversion rates by 32%.
Improve pitch deck slide,Many competitors exist,"Fragmented market with no clear leader, creating room for category dominance."
Make this slide investor ready,We use AI,Uses proprietary AI models to automate decision workflows in real time.
Rewrite startup slide,Need funding,"Raising $500k to accelerate GTM, hire engineers, and expand pilot customers."
Rewrite startup slide,We target everyone,Initial focus on Indian SMEs with 20–200 employees in retail and services.
Strengthen startup pitch slide,Many competitors exist,"Fragmented market with no clear leader, creating room for category dominance."
Make this slide investor ready,We solve a problem,Eliminates 8+ hours/week of manual reconciliation for finance teams.
Rewrite startup slide,We are growing fast,Revenue grew 4.2x in the last 12 months through organic demand.
Improve pitch deck slide,Subscription model,$29/month SaaS pricing with annual enterprise plans and 78% gross margins.
Make this slide investor ready,We solve a problem,Eliminates 8+ hours/week of manual reconciliation for finance teams.
Rewrite startup slide,Need funding,"Raising $500k to accelerate GTM, hire engineers, and expand pilot customers."
Rewrite weak startup statement,We help businesses grow,AI-powered CRM platform helping SMEs increase conversion rates by 32%.
Improve pitch deck slide,We have users,"10,000 monthly active users with 22% month-over-month growth."
Strengthen startup pitch slide,Subscription model,$29/month SaaS pricing with annual enterprise plans and 78% gross margins.
Strengthen startup pitch slide,We are growing fast,Revenue grew 4.2x in the last 12 months through organic demand.
Rewrite weak startup statement,Great team,"Founding team from Google, McKinsey, and IIT with deep domain expertise."
Improve pitch deck slide,Great team,"Founding team from Google, McKinsey, and IIT with deep domain expertise."
Rewrite startup slide,We help businesses grow,AI-powered CRM platform helping SMEs increase conversion rates by 32%.
Strengthen startup pitch slide,Subscription model,$29/month SaaS pricing with annual enterprise plans and 78% gross margins.
Make this slide investor ready,We target everyone,Initial focus on Indian SMEs with 20–200 employees in retail and services.
Rewrite startup slide,Need funding,"Raising $500k to accelerate GTM, hire engineers, and expand pilot customers."
Rewrite startup slide,Many competitors exist,"Fragmented market with no clear leader, creating room for category dominance."
Rewrite startup slide,Subscription model,$29/month SaaS pricing with annual enterprise plans and 78% gross margins.
Strengthen startup pitch slide,Great team,"Founding team from Google, McKinsey, and IIT with deep domain expertise."
Improve pitch deck slide,Our product is unique,Patent-pending AI workflow engine reducing manual effort by 60%.
Rewrite startup slide,We help businesses grow,AI-powered CRM platform helping SMEs increase conversion rates by 32%.
Improve pitch deck slide,We have users,"10,000 monthly active users with 22% month-over-month growth."
Rewrite weak startup statement,Good traction,$40k MRR with 9% monthly growth and 85% customer retention.
Make this slide investor ready,We help businesses grow,AI-powered CRM platform helping SMEs increase conversion rates by 32%.
Rewrite startup slide,Need to hire people,Hiring senior engineering and sales leaders to scale product and revenue.
Make this slide investor ready,Great team,"Founding team from Google, McKinsey, and IIT with deep domain expertise."
Make this slide investor ready,Our product is unique,Patent-pending AI workflow engine reducing manual effort by 60%.
Rewrite weak startup statement,We use AI,Uses proprietary AI models to automate decision workflows in real time.
Strengthen startup pitch slide,We help businesses grow,AI-powered CRM platform helping SMEs increase conversion rates by 32%.
Improve pitch deck slide,Subscription model,$29/month SaaS pricing with annual enterprise plans and 78% gross margins.
Make this slide investor ready,Many competitors exist,"Fragmented market with no clear leader, creating room for category dominance."
Improve pitch deck slide,Many competitors exist,"Fragmented market with no clear leader, creating room for category dominance."
Rewrite startup slide,Our product is unique,Patent-pending AI workflow engine reducing manual effort by 60%.
Make this slide investor ready,Great team,"Founding team from Google, McKinsey, and IIT with deep domain expertise."
Rewrite weak startup statement,Our product is unique,Patent-pending AI workflow engine reducing manual effort by 60%.
Rewrite weak startup statement,We have users,"10,000 monthly active users with 22% month-over-month growth."
Rewrite startup slide,We solve a problem,Eliminates 8+ hours/week of manual reconciliation for finance teams.
Rewrite startup slide,Need funding,"Raising $500k to accelerate GTM, hire engineers, and expand pilot customers."
Rewrite weak startup statement,We help businesses grow,AI-powered CRM platform helping SMEs increase conversion rates by 32%.
Strengthen startup pitch slide,Strong margins,Gross margins of 76% with improving payback period below 5 months.
Strengthen startup pitch slide,Subscription model,$29/month SaaS pricing with annual enterprise plans and 78% gross margins.
Strengthen startup pitch slide,We have users,"10,000 monthly active users with 22% month-over-month growth."
Make this slide investor ready,Large market opportunity,$12B global SaaS market growing at 18% CAGR with rising SME digitization demand.
Strengthen startup pitch slide,Need to hire people,Hiring senior engineering and sales leaders to scale product and revenue.
Strengthen startup pitch slide,Subscription model,$29/month SaaS pricing with annual enterprise plans and 78% gross margins.
Make this slide investor ready,Good traction,$40k MRR with 9% monthly growth and 85% customer retention.
Improve pitch deck slide,We solve a problem,Eliminates 8+ hours/week of manual reconciliation for finance teams.
Rewrite weak startup statement,Our product is unique,Patent-pending AI workflow engine reducing manual effort by 60%.
Make this slide investor ready,We help businesses grow,AI-powered CRM platform helping SMEs increase conversion rates by 32%.
Rewrite startup slide,We use AI,Uses proprietary AI models to automate decision workflows in real time.
Strengthen startup pitch slide,We target everyone,Initial focus on Indian SMEs with 20–200 employees in retail and services.
Strengthen startup pitch slide,We use AI,Uses proprietary AI models to automate decision workflows in real time.
Strengthen startup pitch slide,Strong margins,Gross margins of 76% with improving payback period below 5 months.
Strengthen startup pitch slide,Good traction,$40k MRR with 9% monthly growth and 85% customer retention.
Rewrite startup slide,Need funding,"Raising $500k to accelerate GTM, hire engineers, and expand pilot customers."
Make this slide investor ready,Strong margins,Gross margins of 76% with improving payback period below 5 months.
Improve pitch deck slide,Need funding,"Raising $500k to accelerate GTM, hire engineers, and expand pilot customers."
Improve pitch deck slide,We have users,"10,000 monthly active users with 22% month-over-month growth."
Rewrite startup slide,Need funding,"Raising $500k to accelerate GTM, hire engineers, and expand pilot customers."
Rewrite startup slide,Subscription model,$29/month SaaS pricing with annual enterprise plans and 78% gross margins.
Make this slide investor ready,Good traction,$40k MRR with 9% monthly growth and 85% customer retention.
Improve pitch deck slide,We have users,"10,000 monthly active users with 22% month-over-month growth."
Strengthen startup pitch slide,Need to hire people,Hiring senior engineering and sales leaders to scale product and revenue.
Rewrite weak startup statement,Great team,"Founding team from Google, McKinsey, and IIT with deep domain expertise."
Rewrite startup slide,We use AI,Uses proprietary AI models to automate decision workflows in real time.
Make this slide investor ready,We help businesses grow,AI-powered CRM platform helping SMEs increase conversion rates by 32%.
Make this slide investor ready,We target everyone,Initial focus on Indian SMEs with 20–200 employees in retail and services.
Rewrite weak startup statement,We target everyone,Initial focus on Indian SMEs with 20–200 employees in retail and services.
Rewrite weak startup statement,Need to hire people,Hiring senior engineering and sales leaders to scale product and revenue.
Make this slide investor ready,We target everyone,Initial focus on Indian SMEs with 20–200 employees in retail and services.
Rewrite startup slide,We use AI,Uses proprietary AI models to automate decision workflows in real time.
Strengthen startup pitch slide,Strong margins,Gross margins of 76% with improving payback period below 5 months.
Strengthen startup pitch slide,We solve a problem,Eliminates 8+ hours/week of manual reconciliation for finance teams.
Make this slide investor ready,Strong margins,Gross margins of 76% with improving payback period below 5 months.
Make this slide investor ready,We help businesses grow,AI-powered CRM platform helping SMEs increase conversion rates by 32%.
Improve pitch deck slide,Need funding,"Raising $500k to accelerate GTM, hire engineers, and expand pilot customers."
Strengthen startup pitch slide,We solve a problem,Eliminates 8+ hours/week of manual reconciliation for finance teams.
Rewrite startup slide,We solve a problem,Eliminates 8+ hours/week of manual reconciliation for finance teams.
Rewrite startup slide,We use AI,Uses proprietary AI models to automate decision workflows in real time.
Rewrite startup slide,We solve a problem,Eliminates 8+ hours/week of manual reconciliation for finance teams.
Rewrite weak startup statement,Strong margins,Gross margins of 76% with improving payback period below 5 months.
Strengthen startup pitch slide,Need to hire people,Hiring senior engineering and sales leaders to scale product and revenue.
Rewrite weak startup statement,We use AI,Uses proprietary AI models to automate decision workflows in real time.
Make this slide investor ready,We use AI,Uses proprietary AI models to automate decision workflows in real time.
Make this slide investor ready,Great team,"Founding team from Google, McKinsey, and IIT with deep domain expertise."
Make this slide investor ready,Good traction,$40k MRR with 9% monthly growth and 85% customer retention.
Strengthen startup pitch slide,We solve a problem,Eliminates 8+ hours/week of manual reconciliation for finance teams.
Rewrite startup slide,Our product is unique,Patent-pending AI workflow engine reducing manual effort by 60%.
Rewrite weak startup statement,Need funding,"Raising $500k to accelerate GTM, hire engineers, and expand pilot customers."
Improve pitch deck slide,Subscription model,$29/month SaaS pricing with annual enterprise plans and 78% gross margins.
Strengthen startup pitch slide,We solve a problem,Eliminates 8+ hours/week of manual reconciliation for finance teams.
Make this slide investor ready,Good traction,$40k MRR with 9% monthly growth and 85% customer retention.
Make this slide investor ready,Large market opportunity,$12B global SaaS market growing at 18% CAGR with rising SME digitization demand.
Rewrite weak startup statement,We use AI,Uses proprietary AI models to automate decision workflows in real time.
Improve pitch deck slide,We are growing fast,Revenue grew 4.2x in the last 12 months through organic demand.
Make this slide investor ready,Large market opportunity,$12B global SaaS market growing at 18% CAGR with rising SME digitization demand.
Rewrite weak startup statement,We use AI,Uses proprietary AI models to automate decision workflows in real time.
Rewrite weak startup statement,We use AI,Uses proprietary AI models to automate decision workflows in real time.
Rewrite weak startup statement,Large market opportunity,$12B global SaaS market growing at 18% CAGR with rising SME digitization demand.
Rewrite weak startup statement,Need to hire people,Hiring senior engineering and sales leaders to scale product and revenue.
Rewrite weak startup statement,Great team,"Founding team from Google, McKinsey, and IIT with deep domain expertise."
Make this slide investor ready,Need to hire people,Hiring senior engineering and sales leaders to scale product and revenue.
Rewrite startup slide,Need to hire people,Hiring senior engineering and sales leaders to scale product and revenue.
Improve pitch deck slide,Need to hire people,Hiring senior engineering and sales leaders to scale product and revenue.
Rewrite weak startup statement,Need funding,"Raising $500k to accelerate GTM, hire engineers, and expand pilot customers."
Make this slide investor ready,We are growing fast,Revenue grew 4.2x in the last 12 months through organic demand.
Rewrite weak startup statement,Strong margins,Gross margins of 76% with improving payback period below 5 months.
Make this slide investor ready,Great team,"Founding team from Google, McKinsey, and IIT with deep domain expertise."
Rewrite startup slide,We solve a problem,Eliminates 8+ hours/week of manual reconciliation for finance teams.
Make this slide investor ready,We have users,"10,000 monthly active users with 22% month-over-month growth."
Make this slide investor ready,We have users,"10,000 monthly active users with 22% month-over-month growth."
Make this slide investor ready,We are growing fast,Revenue grew 4.2x in the last 12 months through organic demand.
Strengthen startup pitch slide,Strong margins,Gross margins of 76% with improving payback period below 5 months.
Rewrite weak startup statement,Need to hire people,Hiring senior engineering and sales leaders to scale product and revenue.
Rewrite startup slide,Need to hire people,Hiring senior engineering and sales leaders to scale product and revenue.
Improve pitch deck slide,We target everyone,Initial focus on Indian SMEs with 20–200 employees in retail and services.
Rewrite weak startup statement,We help businesses grow,AI-powered CRM platform helping SMEs increase conversion rates by 32%.
Strengthen startup pitch slide,We are growing fast,Revenue grew 4.2x in the last 12 months through organic demand.
Improve pitch deck slide,Subscription model,$29/month SaaS pricing with annual enterprise plans and 78% gross margins.
Strengthen startup pitch slide,Strong margins,Gross margins of 76% with improving payback period below 5 months.
Strengthen startup pitch slide,We use AI,Uses proprietary AI models to automate decision workflows in real time.
Improve pitch deck slide,Large market opportunity,$12B global SaaS market growing at 18% CAGR with rising SME digitization demand.
Improve pitch deck slide,We have users,"10,000 monthly active users with 22% month-over-month growth."
Rewrite startup slide,Need to hire people,Hiring senior engineering and sales leaders to scale product and revenue.
Rewrite startup slide,We have users,"10,000 monthly active users with 22% month-over-month growth."
Rewrite startup slide,Our product is unique,Patent-pending AI workflow engine reducing manual effort by 60%.
Rewrite weak startup statement,We use AI,Uses proprietary AI models to automate decision workflows in real time.
Improve pitch deck slide,We are growing fast,Revenue grew 4.2x in the last 12 months through organic demand.
Rewrite weak startup statement,Great team,"Founding team from Google, McKinsey, and IIT with deep domain expertise."
Make this slide investor ready,Need to hire people,Hiring senior engineering and sales leaders to scale product and revenue.
Make this slide investor ready,We target everyone,Initial focus on Indian SMEs with 20–200 employees in retail and services.
Rewrite startup slide,Good traction,$40k MRR with 9% monthly growth and 85% customer retention.
Rewrite startup slide,Good traction,$40k MRR with 9% monthly growth and 85% customer retention.
Rewrite weak startup statement,We have users,"10,000 monthly active users with 22% month-over-month growth."
Strengthen startup pitch slide,Our product is unique,Patent-pending AI workflow engine reducing manual effort by 60%.
Improve pitch deck slide,Our product is unique,Patent-pending AI workflow engine reducing manual effort by 60%.
Make this slide investor ready,Need to hire people,Hiring senior engineering and sales leaders to scale product and revenue.
Strengthen startup pitch slide,We solve a problem,Eliminates 8+ hours/week of manual reconciliation for finance teams.
Rewrite weak startup statement,Many competitors exist,"Fragmented market with no clear leader, creating room for category dominance."
Rewrite weak startup statement,Need funding,"Raising $500k to accelerate GTM, hire engineers, and expand pilot customers."
Rewrite startup slide,We are growing fast,Revenue grew 4.2x in the last 12 months through organic demand.
Rewrite startup slide,Great team,"Founding team from Google, McKinsey, and IIT with deep domain expertise."
Rewrite startup slide,Subscription model,$29/month SaaS pricing with annual enterprise plans and 78% gross margins.
Strengthen startup pitch slide,Need funding,"Raising $500k to accelerate GTM, hire engineers, and expand pilot customers."
Improve pitch deck slide,Strong margins,Gross margins of 76% with improving payback period below 5 months.
Improve pitch deck slide,Need to hire people,Hiring senior engineering and sales leaders to scale product and revenue.
Improve pitch deck slide,Good traction,$40k MRR with 9% monthly growth and 85% customer retention.
Improve pitch deck slide,Good traction,$40k MRR with 9% monthly growth and 85% customer retention.
Make this slide investor ready,Great team,"Founding team from Google, McKinsey, and IIT with deep domain expertise."
Rewrite startup slide,We target everyone,Initial focus on Indian SMEs with 20–200 employees in retail and services.
Rewrite startup slide,Need to hire people,Hiring senior engineering and sales leaders to scale product and revenue.
